year,month,size,installations,capacity
2007,1,Less than 2.5 kW,,96
2007,1,2.5 to 4.5 kW,,33
2007,1,4.5 to 6.5 kW,,5
2007,1,6.5 to 9.5 kW,,0
2007,1,9.5 to 14 kW,,10
2007,1,14 to 25 kW,,20
2007,1,25 to 100 kW,,0
2007,1,100 kW to 5 MW,,0
2007,1,5 MW to 30 MW,,0
2007,1,More than 30 MW,,0
2007,2,Less than 2.5 kW,,132
2007,2,2.5 to 4.5 kW,,26
2007,2,4.5 to 6.5 kW,,10
2007,2,6.5 to 9.5 kW,,15
2007,2,9.5 to 14 kW,,0
2007,2,14 to 25 kW,,0
2007,2,25 to 100 kW,,0
2007,2,100 kW to 5 MW,,0
2007,2,5 MW to 30 MW,,0
2007,2,More than 30 MW,,0
2007,3,Less than 2.5 kW,,156
2007,3,2.5 to 4.5 kW,,26
2007,3,4.5 to 6.5 kW,,15
2007,3,6.5 to 9.5 kW,,22
2007,3,9.5 to 14 kW,,11
2007,3,14 to 25 kW,,0
2007,3,25 to 100 kW,,0
2007,3,100 kW to 5 MW,,0
2007,3,5 MW to 30 MW,,0
2007,3,More than 30 MW,,0
2007,4,Less than 2.5 kW,,123
2007,4,2.5 to 4.5 kW,,38
2007,4,4.5 to 6.5 kW,,16
2007,4,6.5 to 9.5 kW,,20
2007,4,9.5 to 14 kW,,11
2007,4,14 to 25 kW,,0
2007,4,25 to 100 kW,,0
2007,4,100 kW to 5 MW,,0
2007,4,5 MW to 30 MW,,0
2007,4,More than 30 MW,,0
2007,5,Less than 2.5 kW,,113
2007,5,2.5 to 4.5 kW,,24
2007,5,4.5 to 6.5 kW,,31
2007,5,6.5 to 9.5 kW,,0
2007,5,9.5 to 14 kW,,0
2007,5,14 to 25 kW,,0
2007,5,25 to 100 kW,,0
2007,5,100 kW to 5 MW,,0
2007,5,5 MW to 30 MW,,0
2007,5,More than 30 MW,,0
2007,6,Less than 2.5 kW,,195
2007,6,2.5 to 4.5 kW,,70
2007,6,4.5 to 6.5 kW,,21
2007,6,6.5 to 9.5 kW,,15
2007,6,9.5 to 14 kW,,0
2007,6,14 to 25 kW,,0
2007,6,25 to 100 kW,,0
2007,6,100 kW to 5 MW,,0
2007,6,5 MW to 30 MW,,0
2007,6,More than 30 MW,,0
2007,7,Less than 2.5 kW,,337
2007,7,2.5 to 4.5 kW,,65
2007,7,4.5 to 6.5 kW,,10
2007,7,6.5 to 9.5 kW,,9
2007,7,9.5 to 14 kW,,0
2007,7,14 to 25 kW,,38
2007,7,25 to 100 kW,,0
2007,7,100 kW to 5 MW,,0
2007,7,5 MW to 30 MW,,0
2007,7,More than 30 MW,,0
2007,8,Less than 2.5 kW,,417
2007,8,2.5 to 4.5 kW,,114
2007,8,4.5 to 6.5 kW,,27
2007,8,6.5 to 9.5 kW,,0
2007,8,9.5 to 14 kW,,11
2007,8,14 to 25 kW,,0
2007,8,25 to 100 kW,,0
2007,8,100 kW to 5 MW,,0
2007,8,5 MW to 30 MW,,0
2007,8,More than 30 MW,,0
2007,9,Less than 2.5 kW,,462
2007,9,2.5 to 4.5 kW,,149
2007,9,4.5 to 6.5 kW,,26
2007,9,6.5 to 9.5 kW,,8
2007,9,9.5 to 14 kW,,26
2007,9,14 to 25 kW,,0
2007,9,25 to 100 kW,,0
2007,9,100 kW to 5 MW,,0
2007,9,5 MW to 30 MW,,0
2007,9,More than 30 MW,,0
2007,10,Less than 2.5 kW,,602
2007,10,2.5 to 4.5 kW,,190
2007,10,4.5 to 6.5 kW,,42
2007,10,6.5 to 9.5 kW,,30
2007,10,9.5 to 14 kW,,10
2007,10,14 to 25 kW,,36
2007,10,25 to 100 kW,,0
2007,10,100 kW to 5 MW,,0
2007,10,5 MW to 30 MW,,0
2007,10,More than 30 MW,,0
2007,11,Less than 2.5 kW,,606
2007,11,2.5 to 4.5 kW,,142
2007,11,4.5 to 6.5 kW,,48
2007,11,6.5 to 9.5 kW,,0
2007,11,9.5 to 14 kW,,10
2007,11,14 to 25 kW,,0
2007,11,25 to 100 kW,,32
2007,11,100 kW to 5 MW,,0
2007,11,5 MW to 30 MW,,0
2007,11,More than 30 MW,,0
2007,12,Less than 2.5 kW,,584
2007,12,2.5 to 4.5 kW,,178
2007,12,4.5 to 6.5 kW,,43
2007,12,6.5 to 9.5 kW,,39
2007,12,9.5 to 14 kW,,58
2007,12,14 to 25 kW,,31
2007,12,25 to 100 kW,,64
2007,12,100 kW to 5 MW,,0
2007,12,5 MW to 30 MW,,0
2007,12,More than 30 MW,,0
2008,1,Less than 2.5 kW,,616
2008,1,2.5 to 4.5 kW,,159
2008,1,4.5 to 6.5 kW,,20
2008,1,6.5 to 9.5 kW,,0
2008,1,9.5 to 14 kW,,0
2008,1,14 to 25 kW,,0
2008,1,25 to 100 kW,,99
2008,1,100 kW to 5 MW,,0
2008,1,5 MW to 30 MW,,0
2008,1,More than 30 MW,,0
2008,2,Less than 2.5 kW,,745
2008,2,2.5 to 4.5 kW,,164
2008,2,4.5 to 6.5 kW,,31
2008,2,6.5 to 9.5 kW,,22
2008,2,9.5 to 14 kW,,0
2008,2,14 to 25 kW,,0
2008,2,25 to 100 kW,,0
2008,2,100 kW to 5 MW,,0
2008,2,5 MW to 30 MW,,0
2008,2,More than 30 MW,,0
2008,3,Less than 2.5 kW,,766
2008,3,2.5 to 4.5 kW,,134
2008,3,4.5 to 6.5 kW,,38
2008,3,6.5 to 9.5 kW,,30
2008,3,9.5 to 14 kW,,0
2008,3,14 to 25 kW,,0
2008,3,25 to 100 kW,,0
2008,3,100 kW to 5 MW,,0
2008,3,5 MW to 30 MW,,0
2008,3,More than 30 MW,,0
2008,4,Less than 2.5 kW,,997
2008,4,2.5 to 4.5 kW,,175
2008,4,4.5 to 6.5 kW,,64
2008,4,6.5 to 9.5 kW,,44
2008,4,9.5 to 14 kW,,12
2008,4,14 to 25 kW,,0
2008,4,25 to 100 kW,,36
2008,4,100 kW to 5 MW,,0
2008,4,5 MW to 30 MW,,0
2008,4,More than 30 MW,,0
2008,5,Less than 2.5 kW,,1179
2008,5,2.5 to 4.5 kW,,236
2008,5,4.5 to 6.5 kW,,37
2008,5,6.5 to 9.5 kW,,23
2008,5,9.5 to 14 kW,,11
2008,5,14 to 25 kW,,0
2008,5,25 to 100 kW,,0
2008,5,100 kW to 5 MW,,0
2008,5,5 MW to 30 MW,,0
2008,5,More than 30 MW,,0
2008,6,Less than 2.5 kW,,1022
2008,6,2.5 to 4.5 kW,,171
2008,6,4.5 to 6.5 kW,,49
2008,6,6.5 to 9.5 kW,,9
2008,6,9.5 to 14 kW,,47
2008,6,14 to 25 kW,,15
2008,6,25 to 100 kW,,0
2008,6,100 kW to 5 MW,,0
2008,6,5 MW to 30 MW,,0
2008,6,More than 30 MW,,0
2008,7,Less than 2.5 kW,,1221
2008,7,2.5 to 4.5 kW,,227
2008,7,4.5 to 6.5 kW,,80
2008,7,6.5 to 9.5 kW,,16
2008,7,9.5 to 14 kW,,34
2008,7,14 to 25 kW,,49
2008,7,25 to 100 kW,,0
2008,7,100 kW to 5 MW,,0
2008,7,5 MW to 30 MW,,0
2008,7,More than 30 MW,,0
2008,8,Less than 2.5 kW,,1286
2008,8,2.5 to 4.5 kW,,212
2008,8,4.5 to 6.5 kW,,57
2008,8,6.5 to 9.5 kW,,22
2008,8,9.5 to 14 kW,,11
2008,8,14 to 25 kW,,17
2008,8,25 to 100 kW,,0
2008,8,100 kW to 5 MW,,0
2008,8,5 MW to 30 MW,,0
2008,8,More than 30 MW,,0
2008,9,Less than 2.5 kW,,1439
2008,9,2.5 to 4.5 kW,,206
2008,9,4.5 to 6.5 kW,,136
2008,9,6.5 to 9.5 kW,,90
2008,9,9.5 to 14 kW,,10
2008,9,14 to 25 kW,,0
2008,9,25 to 100 kW,,0
2008,9,100 kW to 5 MW,,0
2008,9,5 MW to 30 MW,,0
2008,9,More than 30 MW,,0
2008,10,Less than 2.5 kW,,1992
2008,10,2.5 to 4.5 kW,,324
2008,10,4.5 to 6.5 kW,,100
2008,10,6.5 to 9.5 kW,,17
2008,10,9.5 to 14 kW,,10
2008,10,14 to 25 kW,,16
2008,10,25 to 100 kW,,30
2008,10,100 kW to 5 MW,,0
2008,10,5 MW to 30 MW,,0
2008,10,More than 30 MW,,0
2008,11,Less than 2.5 kW,,1995
2008,11,2.5 to 4.5 kW,,276
2008,11,4.5 to 6.5 kW,,62
2008,11,6.5 to 9.5 kW,,8
2008,11,9.5 to 14 kW,,22
2008,11,14 to 25 kW,,34
2008,11,25 to 100 kW,,0
2008,11,100 kW to 5 MW,,0
2008,11,5 MW to 30 MW,,0
2008,11,More than 30 MW,,0
2008,12,Less than 2.5 kW,,2314
2008,12,2.5 to 4.5 kW,,380
2008,12,4.5 to 6.5 kW,,122
2008,12,6.5 to 9.5 kW,,32
2008,12,9.5 to 14 kW,,48
2008,12,14 to 25 kW,,20
2008,12,25 to 100 kW,,58
2008,12,100 kW to 5 MW,,0
2008,12,5 MW to 30 MW,,0
2008,12,More than 30 MW,,0
2009,1,Less than 2.5 kW,,2398
2009,1,2.5 to 4.5 kW,,227
2009,1,4.5 to 6.5 kW,,66
2009,1,6.5 to 9.5 kW,,15
2009,1,9.5 to 14 kW,,10
2009,1,14 to 25 kW,,16
2009,1,25 to 100 kW,,0
2009,1,100 kW to 5 MW,,0
2009,1,5 MW to 30 MW,,0
2009,1,More than 30 MW,,0
2009,2,Less than 2.5 kW,,3292
2009,2,2.5 to 4.5 kW,,302
2009,2,4.5 to 6.5 kW,,94
2009,2,6.5 to 9.5 kW,,23
2009,2,9.5 to 14 kW,,0
2009,2,14 to 25 kW,,43
2009,2,25 to 100 kW,,0
2009,2,100 kW to 5 MW,,0
2009,2,5 MW to 30 MW,,0
2009,2,More than 30 MW,,0
2009,3,Less than 2.5 kW,,3985
2009,3,2.5 to 4.5 kW,,381
2009,3,4.5 to 6.5 kW,,114
2009,3,6.5 to 9.5 kW,,9
2009,3,9.5 to 14 kW,,10
2009,3,14 to 25 kW,,15
2009,3,25 to 100 kW,,100
2009,3,100 kW to 5 MW,,0
2009,3,5 MW to 30 MW,,0
2009,3,More than 30 MW,,0
2009,4,Less than 2.5 kW,,3804
2009,4,2.5 to 4.5 kW,,380
2009,4,4.5 to 6.5 kW,,181
2009,4,6.5 to 9.5 kW,,35
2009,4,9.5 to 14 kW,,48
2009,4,14 to 25 kW,,23
2009,4,25 to 100 kW,,0
2009,4,100 kW to 5 MW,,0
2009,4,5 MW to 30 MW,,0
2009,4,More than 30 MW,,0
2009,5,Less than 2.5 kW,,4529
2009,5,2.5 to 4.5 kW,,435
2009,5,4.5 to 6.5 kW,,168
2009,5,6.5 to 9.5 kW,,48
2009,5,9.5 to 14 kW,,30
2009,5,14 to 25 kW,,14
2009,5,25 to 100 kW,,56
2009,5,100 kW to 5 MW,,0
2009,5,5 MW to 30 MW,,0
2009,5,More than 30 MW,,0
2009,6,Less than 2.5 kW,,4802
2009,6,2.5 to 4.5 kW,,377
2009,6,4.5 to 6.5 kW,,149
2009,6,6.5 to 9.5 kW,,16
2009,6,9.5 to 14 kW,,33
2009,6,14 to 25 kW,,87
2009,6,25 to 100 kW,,0
2009,6,100 kW to 5 MW,,304
2009,6,5 MW to 30 MW,,0
2009,6,More than 30 MW,,0
2009,7,Less than 2.5 kW,,5625
2009,7,2.5 to 4.5 kW,,491
2009,7,4.5 to 6.5 kW,,244
2009,7,6.5 to 9.5 kW,,45
2009,7,9.5 to 14 kW,,32
2009,7,14 to 25 kW,,40
2009,7,25 to 100 kW,,34
2009,7,100 kW to 5 MW,,0
2009,7,5 MW to 30 MW,,0
2009,7,More than 30 MW,,0
2009,8,Less than 2.5 kW,,6206
2009,8,2.5 to 4.5 kW,,686
2009,8,4.5 to 6.5 kW,,186
2009,8,6.5 to 9.5 kW,,60
2009,8,9.5 to 14 kW,,96
2009,8,14 to 25 kW,,32
2009,8,25 to 100 kW,,71
2009,8,100 kW to 5 MW,,0
2009,8,5 MW to 30 MW,,0
2009,8,More than 30 MW,,0
2009,9,Less than 2.5 kW,,7107
2009,9,2.5 to 4.5 kW,,858
2009,9,4.5 to 6.5 kW,,312
2009,9,6.5 to 9.5 kW,,33
2009,9,9.5 to 14 kW,,130
2009,9,14 to 25 kW,,103
2009,9,25 to 100 kW,,129
2009,9,100 kW to 5 MW,,0
2009,9,5 MW to 30 MW,,0
2009,9,More than 30 MW,,0
2009,10,Less than 2.5 kW,,9018
2009,10,2.5 to 4.5 kW,,1065
2009,10,4.5 to 6.5 kW,,426
2009,10,6.5 to 9.5 kW,,53
2009,10,9.5 to 14 kW,,43
2009,10,14 to 25 kW,,59
2009,10,25 to 100 kW,,57
2009,10,100 kW to 5 MW,,1000
2009,10,5 MW to 30 MW,,0
2009,10,More than 30 MW,,0
2009,11,Less than 2.5 kW,,10666
2009,11,2.5 to 4.5 kW,,1314
2009,11,4.5 to 6.5 kW,,522
2009,11,6.5 to 9.5 kW,,89
2009,11,9.5 to 14 kW,,98
2009,11,14 to 25 kW,,61
2009,11,25 to 100 kW,,0
2009,11,100 kW to 5 MW,,336
2009,11,5 MW to 30 MW,,0
2009,11,More than 30 MW,,0
2009,12,Less than 2.5 kW,,9477
2009,12,2.5 to 4.5 kW,,1503
2009,12,4.5 to 6.5 kW,,524
2009,12,6.5 to 9.5 kW,,113
2009,12,9.5 to 14 kW,,138
2009,12,14 to 25 kW,,40
2009,12,25 to 100 kW,,167
2009,12,100 kW to 5 MW,,320
2009,12,5 MW to 30 MW,,0
2009,12,More than 30 MW,,0
2010,1,Less than 2.5 kW,7881,9896
2010,1,2.5 to 4.5 kW,401,1327
2010,1,4.5 to 6.5 kW,88,467
2010,1,6.5 to 9.5 kW,10,77
2010,1,9.5 to 14 kW,16,166
2010,1,14 to 25 kW,0,0
2010,1,25 to 100 kW,2,64
2010,1,100 kW to 5 MW,,1114
2010,1,5 MW to 30 MW,,0
2010,1,More than 30 MW,,0
2010,2,Less than 2.5 kW,9387,12154
2010,2,2.5 to 4.5 kW,718,2371
2010,2,4.5 to 6.5 kW,133,697
2010,2,6.5 to 9.5 kW,23,183
2010,2,9.5 to 14 kW,29,297
2010,2,14 to 25 kW,5,100
2010,2,25 to 100 kW,0,0
2010,2,100 kW to 5 MW,,0
2010,2,5 MW to 30 MW,,0
2010,2,More than 30 MW,,0
2010,3,Less than 2.5 kW,11921,16235
2010,3,2.5 to 4.5 kW,1006,3305
2010,3,4.5 to 6.5 kW,202,1075
2010,3,6.5 to 9.5 kW,34,260
2010,3,9.5 to 14 kW,51,516
2010,3,14 to 25 kW,7,153
2010,3,25 to 100 kW,7,249
2010,3,100 kW to 5 MW,,0
2010,3,5 MW to 30 MW,,0
2010,3,More than 30 MW,,0
2010,4,Less than 2.5 kW,11838,16754
2010,4,2.5 to 4.5 kW,1260,4030
2010,4,4.5 to 6.5 kW,224,1185
2010,4,6.5 to 9.5 kW,30,235
2010,4,9.5 to 14 kW,53,530
2010,4,14 to 25 kW,7,135
2010,4,25 to 100 kW,1,29
2010,4,100 kW to 5 MW,,0
2010,4,5 MW to 30 MW,,0
2010,4,More than 30 MW,,0
2010,5,Less than 2.5 kW,14743,21194
2010,5,2.5 to 4.5 kW,1562,4927
2010,5,4.5 to 6.5 kW,243,1278
2010,5,6.5 to 9.5 kW,48,368
2010,5,9.5 to 14 kW,82,812
2010,5,14 to 25 kW,4,67
2010,5,25 to 100 kW,5,244
2010,5,100 kW to 5 MW,,300
2010,5,5 MW to 30 MW,,0
2010,5,More than 30 MW,,0
2010,6,Less than 2.5 kW,15577,23016
2010,6,2.5 to 4.5 kW,1941,6213
2010,6,4.5 to 6.5 kW,395,2084
2010,6,6.5 to 9.5 kW,64,512
2010,6,9.5 to 14 kW,166,1670
2010,6,14 to 25 kW,7,114
2010,6,25 to 100 kW,10,449
2010,6,100 kW to 5 MW,,0
2010,6,5 MW to 30 MW,,0
2010,6,More than 30 MW,,0
2010,7,Less than 2.5 kW,13667,21645
2010,7,2.5 to 4.5 kW,2383,7685
2010,7,4.5 to 6.5 kW,503,2634
2010,7,6.5 to 9.5 kW,78,610
2010,7,9.5 to 14 kW,161,1636
2010,7,14 to 25 kW,7,125
2010,7,25 to 100 kW,9,290
2010,7,100 kW to 5 MW,,0
2010,7,5 MW to 30 MW,,0
2010,7,More than 30 MW,,0
2010,8,Less than 2.5 kW,13902,22739
2010,8,2.5 to 4.5 kW,2625,8449
2010,8,4.5 to 6.5 kW,565,2946
2010,8,6.5 to 9.5 kW,96,748
2010,8,9.5 to 14 kW,181,1838
2010,8,14 to 25 kW,10,185
2010,8,25 to 100 kW,11,443
2010,8,100 kW to 5 MW,,0
2010,8,5 MW to 30 MW,,0
2010,8,More than 30 MW,,0
2010,9,Less than 2.5 kW,14993,24651
2010,9,2.5 to 4.5 kW,3043,9802
2010,9,4.5 to 6.5 kW,651,3392
2010,9,6.5 to 9.5 kW,93,726
2010,9,9.5 to 14 kW,216,2181
2010,9,14 to 25 kW,14,241
2010,9,25 to 100 kW,12,494
2010,9,100 kW to 5 MW,,0
2010,9,5 MW to 30 MW,,0
2010,9,More than 30 MW,,0
2010,10,Less than 2.5 kW,16737,27595
2010,10,2.5 to 4.5 kW,3376,10843
2010,10,4.5 to 6.5 kW,723,3741
2010,10,6.5 to 9.5 kW,121,944
2010,10,9.5 to 14 kW,195,1984
2010,10,14 to 25 kW,9,152
2010,10,25 to 100 kW,9,362
2010,10,100 kW to 5 MW,,200
2010,10,5 MW to 30 MW,,0
2010,10,More than 30 MW,,0
2010,11,Less than 2.5 kW,19523,32143
2010,11,2.5 to 4.5 kW,4206,13550
2010,11,4.5 to 6.5 kW,874,4528
2010,11,6.5 to 9.5 kW,99,768
2010,11,9.5 to 14 kW,231,2340
2010,11,14 to 25 kW,26,438
2010,11,25 to 100 kW,25,1083
2010,11,100 kW to 5 MW,,0
2010,11,5 MW to 30 MW,,0
2010,11,More than 30 MW,,0
2010,12,Less than 2.5 kW,14366,23659
2010,12,2.5 to 4.5 kW,3335,10651
2010,12,4.5 to 6.5 kW,631,3263
2010,12,6.5 to 9.5 kW,89,686
2010,12,9.5 to 14 kW,207,2096
2010,12,14 to 25 kW,14,243
2010,12,25 to 100 kW,12,536
2010,12,100 kW to 5 MW,,0
2010,12,5 MW to 30 MW,,0
2010,12,More than 30 MW,,0
2011,1,Less than 2.5 kW,19059,31779
2011,1,2.5 to 4.5 kW,4870,15642
2011,1,4.5 to 6.5 kW,1024,5290
2011,1,6.5 to 9.5 kW,122,941
2011,1,9.5 to 14 kW,360,3644
2011,1,14 to 25 kW,15,264
2011,1,25 to 100 kW,16,624
2011,1,100 kW to 5 MW,,0
2011,1,5 MW to 30 MW,,0
2011,1,More than 30 MW,,0
2011,2,Less than 2.5 kW,21869,36262
2011,2,2.5 to 4.5 kW,5372,17214
2011,2,4.5 to 6.5 kW,1088,5618
2011,2,6.5 to 9.5 kW,153,1178
2011,2,9.5 to 14 kW,329,3321
2011,2,14 to 25 kW,25,409
2011,2,25 to 100 kW,14,662
2011,2,100 kW to 5 MW,,0
2011,2,5 MW to 30 MW,,0
2011,2,More than 30 MW,,0
2011,3,Less than 2.5 kW,26644,44152
2011,3,2.5 to 4.5 kW,6766,21596
2011,3,4.5 to 6.5 kW,1439,7426
2011,3,6.5 to 9.5 kW,139,1057
2011,3,9.5 to 14 kW,503,5072
2011,3,14 to 25 kW,22,375
2011,3,25 to 100 kW,15,522
2011,3,100 kW to 5 MW,,101
2011,3,5 MW to 30 MW,,0
2011,3,More than 30 MW,,0
2011,4,Less than 2.5 kW,24638,40942
2011,4,2.5 to 4.5 kW,6480,20672
2011,4,4.5 to 6.5 kW,1352,6959
2011,4,6.5 to 9.5 kW,155,1196
2011,4,9.5 to 14 kW,507,5117
2011,4,14 to 25 kW,31,554
2011,4,25 to 100 kW,17,627
2011,4,100 kW to 5 MW,,0
2011,4,5 MW to 30 MW,,0
2011,4,More than 30 MW,,0
2011,5,Less than 2.5 kW,36479,61033
2011,5,2.5 to 4.5 kW,10810,34431
2011,5,4.5 to 6.5 kW,2189,11233
2011,5,6.5 to 9.5 kW,196,1517
2011,5,9.5 to 14 kW,533,5402
2011,5,14 to 25 kW,38,697
2011,5,25 to 100 kW,45,1761
2011,5,100 kW to 5 MW,,600
2011,5,5 MW to 30 MW,,0
2011,5,More than 30 MW,,0
2011,6,Less than 2.5 kW,47054,79830
2011,6,2.5 to 4.5 kW,16742,53730
2011,6,4.5 to 6.5 kW,4034,20536
2011,6,6.5 to 9.5 kW,302,2344
2011,6,9.5 to 14 kW,538,5513
2011,6,14 to 25 kW,116,2044
2011,6,25 to 100 kW,82,3442
2011,6,100 kW to 5 MW,,0
2011,6,5 MW to 30 MW,,0
2011,6,More than 30 MW,,0
2011,7,Less than 2.5 kW,14576,24594
2011,7,2.5 to 4.5 kW,5994,19136
2011,7,4.5 to 6.5 kW,1354,6894
2011,7,6.5 to 9.5 kW,82,647
2011,7,9.5 to 14 kW,156,1590
2011,7,14 to 25 kW,38,667
2011,7,25 to 100 kW,20,693
2011,7,100 kW to 5 MW,,0
2011,7,5 MW to 30 MW,,0
2011,7,More than 30 MW,,0
2011,8,Less than 2.5 kW,13131,22186
2011,8,2.5 to 4.5 kW,6999,22485
2011,8,4.5 to 6.5 kW,1732,8765
2011,8,6.5 to 9.5 kW,73,564
2011,8,9.5 to 14 kW,141,1464
2011,8,14 to 25 kW,26,457
2011,8,25 to 100 kW,25,772
2011,8,100 kW to 5 MW,,0
2011,8,5 MW to 30 MW,,0
2011,8,More than 30 MW,,0
2011,9,Less than 2.5 kW,13421,22678
2011,9,2.5 to 4.5 kW,8508,27479
2011,9,4.5 to 6.5 kW,2621,13131
2011,9,6.5 to 9.5 kW,114,892
2011,9,9.5 to 14 kW,144,1466
2011,9,14 to 25 kW,31,574
2011,9,25 to 100 kW,36,1136
2011,9,100 kW to 5 MW,,1206
2011,9,5 MW to 30 MW,,0
2011,9,More than 30 MW,,0
2011,10,Less than 2.5 kW,9715,16248
2011,10,2.5 to 4.5 kW,5150,16600
2011,10,4.5 to 6.5 kW,1493,7521
2011,10,6.5 to 9.5 kW,109,843
2011,10,9.5 to 14 kW,147,1504
2011,10,14 to 25 kW,25,452
2011,10,25 to 100 kW,30,916
2011,10,100 kW to 5 MW,,0
2011,10,5 MW to 30 MW,,0
2011,10,More than 30 MW,,0
2011,11,Less than 2.5 kW,10370,16810
2011,11,2.5 to 4.5 kW,5474,17822
2011,11,4.5 to 6.5 kW,1828,9184
2011,11,6.5 to 9.5 kW,121,921
2011,11,9.5 to 14 kW,235,2392
2011,11,14 to 25 kW,20,355
2011,11,25 to 100 kW,32,1028
2011,11,100 kW to 5 MW,,0
2011,11,5 MW to 30 MW,,0
2011,11,More than 30 MW,,0
2011,12,Less than 2.5 kW,8290,13714
2011,12,2.5 to 4.5 kW,4383,14380
2011,12,4.5 to 6.5 kW,1642,8275
2011,12,6.5 to 9.5 kW,113,864
2011,12,9.5 to 14 kW,103,1061
2011,12,14 to 25 kW,33,584
2011,12,25 to 100 kW,32,1038
2011,12,100 kW to 5 MW,,235
2011,12,5 MW to 30 MW,,0
2011,12,More than 30 MW,,0
2012,1,Less than 2.5 kW,7622,12704
2012,1,2.5 to 4.5 kW,3788,12289
2012,1,4.5 to 6.5 kW,1403,7067
2012,1,6.5 to 9.5 kW,73,559
2012,1,9.5 to 14 kW,97,1004
2012,1,14 to 25 kW,13,203
2012,1,25 to 100 kW,22,812
2012,1,100 kW to 5 MW,,0
2012,1,5 MW to 30 MW,,0
2012,1,More than 30 MW,,0
2012,2,Less than 2.5 kW,11800,19593
2012,2,2.5 to 4.5 kW,5422,17677
2012,2,4.5 to 6.5 kW,2058,10389
2012,2,6.5 to 9.5 kW,110,835
2012,2,9.5 to 14 kW,122,1266
2012,2,14 to 25 kW,23,429
2012,2,25 to 100 kW,27,892
2012,2,100 kW to 5 MW,,2090
2012,2,5 MW to 30 MW,,0
2012,2,More than 30 MW,,0
2012,3,Less than 2.5 kW,13987,23357
2012,3,2.5 to 4.5 kW,6527,21208
2012,3,4.5 to 6.5 kW,2779,14024
2012,3,6.5 to 9.5 kW,146,1098
2012,3,9.5 to 14 kW,144,1503
2012,3,14 to 25 kW,26,459
2012,3,25 to 100 kW,23,787
2012,3,100 kW to 5 MW,,216
2012,3,5 MW to 30 MW,,0
2012,3,More than 30 MW,,0
2012,4,Less than 2.5 kW,15332,26055
2012,4,2.5 to 4.5 kW,7515,24459
2012,4,4.5 to 6.5 kW,3380,17120
2012,4,6.5 to 9.5 kW,127,990
2012,4,9.5 to 14 kW,136,1432
2012,4,14 to 25 kW,43,754
2012,4,25 to 100 kW,21,718
2012,4,100 kW to 5 MW,,0
2012,4,5 MW to 30 MW,,0
2012,4,More than 30 MW,,0
2012,5,Less than 2.5 kW,23135,39697
2012,5,2.5 to 4.5 kW,13479,43662
2012,5,4.5 to 6.5 kW,6246,31537
2012,5,6.5 to 9.5 kW,296,2255
2012,5,9.5 to 14 kW,215,2256
2012,5,14 to 25 kW,60,1052
2012,5,25 to 100 kW,47,1682
2012,5,100 kW to 5 MW,,239
2012,5,5 MW to 30 MW,,0
2012,5,More than 30 MW,,0
2012,6,Less than 2.5 kW,27471,47999
2012,6,2.5 to 4.5 kW,20015,65076
2012,6,4.5 to 6.5 kW,10606,53599
2012,6,6.5 to 9.5 kW,476,3657
2012,6,9.5 to 14 kW,492,5061
2012,6,14 to 25 kW,102,1785
2012,6,25 to 100 kW,51,1877
2012,6,100 kW to 5 MW,,348
2012,6,5 MW to 30 MW,,0
2012,6,More than 30 MW,,0
2012,7,Less than 2.5 kW,11366,19752
2012,7,2.5 to 4.5 kW,9247,30133
2012,7,4.5 to 6.5 kW,4754,24027
2012,7,6.5 to 9.5 kW,163,1258
2012,7,9.5 to 14 kW,147,1530
2012,7,14 to 25 kW,70,1247
2012,7,25 to 100 kW,31,1002
2012,7,100 kW to 5 MW,,0
2012,7,5 MW to 30 MW,,0
2012,7,More than 30 MW,,0
2012,8,Less than 2.5 kW,11366,19599
2012,8,2.5 to 4.5 kW,10119,32934
2012,8,4.5 to 6.5 kW,6021,30435
2012,8,6.5 to 9.5 kW,250,1919
2012,8,9.5 to 14 kW,160,1658
2012,8,14 to 25 kW,48,832
2012,8,25 to 100 kW,29,1034
2012,8,100 kW to 5 MW,,0
2012,8,5 MW to 30 MW,,10000
2012,8,More than 30 MW,,0
2012,9,Less than 2.5 kW,10089,17500
2012,9,2.5 to 4.5 kW,10560,34654
2012,9,4.5 to 6.5 kW,7103,35771
2012,9,6.5 to 9.5 kW,298,2290
2012,9,9.5 to 14 kW,227,2366
2012,9,14 to 25 kW,100,1735
2012,9,25 to 100 kW,45,1574
2012,9,100 kW to 5 MW,,0
2012,9,5 MW to 30 MW,,0
2012,9,More than 30 MW,,0
2012,10,Less than 2.5 kW,9142,15651
2012,10,2.5 to 4.5 kW,8002,26168
2012,10,4.5 to 6.5 kW,4988,25335
2012,10,6.5 to 9.5 kW,227,1733
2012,10,9.5 to 14 kW,148,1547
2012,10,14 to 25 kW,68,1225
2012,10,25 to 100 kW,34,1302
2012,10,100 kW to 5 MW,,465
2012,10,5 MW to 30 MW,,0
2012,10,More than 30 MW,,0
2012,11,Less than 2.5 kW,8890,15307
2012,11,2.5 to 4.5 kW,7983,26019
2012,11,4.5 to 6.5 kW,5107,26085
2012,11,6.5 to 9.5 kW,249,1898
2012,11,9.5 to 14 kW,170,1755
2012,11,14 to 25 kW,60,1065
2012,11,25 to 100 kW,47,1690
2012,11,100 kW to 5 MW,,630
2012,11,5 MW to 30 MW,,0
2012,11,More than 30 MW,,0
2012,12,Less than 2.5 kW,10448,18357
2012,12,2.5 to 4.5 kW,11360,36931
2012,12,4.5 to 6.5 kW,7740,39433
2012,12,6.5 to 9.5 kW,475,3625
2012,12,9.5 to 14 kW,373,3842
2012,12,14 to 25 kW,104,1841
2012,12,25 to 100 kW,63,2353
2012,12,100 kW to 5 MW,,403
2012,12,5 MW to 30 MW,,0
2012,12,More than 30 MW,,0
2013,1,Less than 2.5 kW,5518,9500
2013,1,2.5 to 4.5 kW,5491,17951
2013,1,4.5 to 6.5 kW,3514,17915
2013,1,6.5 to 9.5 kW,186,1437
2013,1,9.5 to 14 kW,187,1947
2013,1,14 to 25 kW,64,1131
2013,1,25 to 100 kW,44,1858
2013,1,100 kW to 5 MW,,142
2013,1,5 MW to 30 MW,,0
2013,1,More than 30 MW,,0
2013,2,Less than 2.5 kW,5152,8884
2013,2,2.5 to 4.5 kW,5748,18802
2013,2,4.5 to 6.5 kW,3982,20337
2013,2,6.5 to 9.5 kW,239,1827
2013,2,9.5 to 14 kW,218,2232
2013,2,14 to 25 kW,97,1717
2013,2,25 to 100 kW,53,2105
2013,2,100 kW to 5 MW,,200
2013,2,5 MW to 30 MW,,0
2013,2,More than 30 MW,,0
2013,3,Less than 2.5 kW,5011,8565
2013,3,2.5 to 4.5 kW,5868,19190
2013,3,4.5 to 6.5 kW,4600,23565
2013,3,6.5 to 9.5 kW,277,2129
2013,3,9.5 to 14 kW,215,2207
2013,3,14 to 25 kW,96,1758
2013,3,25 to 100 kW,75,3129
2013,3,100 kW to 5 MW,,342
2013,3,5 MW to 30 MW,,0
2013,3,More than 30 MW,,0
2013,4,Less than 2.5 kW,4991,8451
2013,4,2.5 to 4.5 kW,5869,19225
2013,4,4.5 to 6.5 kW,5225,26788
2013,4,6.5 to 9.5 kW,245,1862
2013,4,9.5 to 14 kW,275,2836
2013,4,14 to 25 kW,69,1262
2013,4,25 to 100 kW,67,2583
2013,4,100 kW to 5 MW,,300
2013,4,5 MW to 30 MW,,0
2013,4,More than 30 MW,,0
2013,5,Less than 2.5 kW,5335,8953
2013,5,2.5 to 4.5 kW,6774,22152
2013,5,4.5 to 6.5 kW,7223,37119
2013,5,6.5 to 9.5 kW,326,2474
2013,5,9.5 to 14 kW,273,2847
2013,5,14 to 25 kW,122,2163
2013,5,25 to 100 kW,91,3711
2013,5,100 kW to 5 MW,,0
2013,5,5 MW to 30 MW,,0
2013,5,More than 30 MW,,0
2013,6,Less than 2.5 kW,5026,8752
2013,6,2.5 to 4.5 kW,7468,24435
2013,6,4.5 to 6.5 kW,8780,45443
2013,6,6.5 to 9.5 kW,366,2769
2013,6,9.5 to 14 kW,339,3553
2013,6,14 to 25 kW,131,2339
2013,6,25 to 100 kW,113,4146
2013,6,100 kW to 5 MW,,346
2013,6,5 MW to 30 MW,,0
2013,6,More than 30 MW,,0
2013,7,Less than 2.5 kW,4867,7931
2013,7,2.5 to 4.5 kW,6100,19854
2013,7,4.5 to 6.5 kW,5003,25644
2013,7,6.5 to 9.5 kW,291,2216
2013,7,9.5 to 14 kW,303,3123
2013,7,14 to 25 kW,112,1989
2013,7,25 to 100 kW,89,3601
2013,7,100 kW to 5 MW,,603
2013,7,5 MW to 30 MW,,0
2013,7,More than 30 MW,,0
2013,8,Less than 2.5 kW,4014,6401
2013,8,2.5 to 4.5 kW,5488,18010
2013,8,4.5 to 6.5 kW,4573,23459
2013,8,6.5 to 9.5 kW,359,2774
2013,8,9.5 to 14 kW,335,3460
2013,8,14 to 25 kW,103,1818
2013,8,25 to 100 kW,89,3307
2013,8,100 kW to 5 MW,,1439
2013,8,5 MW to 30 MW,,0
2013,8,More than 30 MW,,0
2013,9,Less than 2.5 kW,3551,5825
2013,9,2.5 to 4.5 kW,5488,18082
2013,9,4.5 to 6.5 kW,4854,24987
2013,9,6.5 to 9.5 kW,373,2848
2013,9,9.5 to 14 kW,407,4193
2013,9,14 to 25 kW,122,2124
2013,9,25 to 100 kW,94,3878
2013,9,100 kW to 5 MW,,900
2013,9,5 MW to 30 MW,,0
2013,9,More than 30 MW,,0
2013,10,Less than 2.5 kW,3919,6534
2013,10,2.5 to 4.5 kW,6552,21567
2013,10,4.5 to 6.5 kW,5709,29422
2013,10,6.5 to 9.5 kW,462,3556
2013,10,9.5 to 14 kW,423,4348
2013,10,14 to 25 kW,130,2355
2013,10,25 to 100 kW,121,4746
2013,10,100 kW to 5 MW,,900
2013,10,5 MW to 30 MW,,0
2013,10,More than 30 MW,,0
2013,11,Less than 2.5 kW,4070,6698
2013,11,2.5 to 4.5 kW,5930,19557
2013,11,4.5 to 6.5 kW,5821,30038
2013,11,6.5 to 9.5 kW,450,3434
2013,11,9.5 to 14 kW,455,4673
2013,11,14 to 25 kW,130,2313
2013,11,25 to 100 kW,110,4295
2013,11,100 kW to 5 MW,,664
2013,11,5 MW to 30 MW,,13306
2013,11,More than 30 MW,,0
2013,12,Less than 2.5 kW,3028,5005
2013,12,2.5 to 4.5 kW,4839,15952
2013,12,4.5 to 6.5 kW,4807,24884
2013,12,6.5 to 9.5 kW,390,3024
2013,12,9.5 to 14 kW,384,3923
2013,12,14 to 25 kW,150,2611
2013,12,25 to 100 kW,155,5752
2013,12,100 kW to 5 MW,,3387
2013,12,5 MW to 30 MW,,0
2013,12,More than 30 MW,,0
2014,1,Less than 2.5 kW,3130,5238
2014,1,2.5 to 4.5 kW,4813,15860
2014,1,4.5 to 6.5 kW,4706,24471
2014,1,6.5 to 9.5 kW,397,3062
2014,1,9.5 to 14 kW,423,4347
2014,1,14 to 25 kW,152,2693
2014,1,25 to 100 kW,147,5392
2014,1,100 kW to 5 MW,,528
2014,1,5 MW to 30 MW,,0
2014,1,More than 30 MW,,0
2014,2,Less than 2.5 kW,3419,5746
2014,2,2.5 to 4.5 kW,5193,17005
2014,2,4.5 to 6.5 kW,4822,25070
2014,2,6.5 to 9.5 kW,255,1939
2014,2,9.5 to 14 kW,240,2498
2014,2,14 to 25 kW,94,1729
2014,2,25 to 100 kW,93,3646
2014,2,100 kW to 5 MW,,939
2014,2,5 MW to 30 MW,,0
2014,2,More than 30 MW,,0
2014,3,Less than 2.5 kW,3027,5192
2014,3,2.5 to 4.5 kW,5500,18027
2014,3,4.5 to 6.5 kW,4988,25872
2014,3,6.5 to 9.5 kW,249,1873
2014,3,9.5 to 14 kW,245,2553
2014,3,14 to 25 kW,114,2058
2014,3,25 to 100 kW,141,6211
2014,3,100 kW to 5 MW,,900
2014,3,5 MW to 30 MW,,0
2014,3,More than 30 MW,,0
2014,4,Less than 2.5 kW,2766,4778
2014,4,2.5 to 4.5 kW,5156,16934
2014,4,4.5 to 6.5 kW,4943,25675
2014,4,6.5 to 9.5 kW,223,1670
2014,4,9.5 to 14 kW,226,2354
2014,4,14 to 25 kW,89,1590
2014,4,25 to 100 kW,95,3548
2014,4,100 kW to 5 MW,,5260
2014,4,5 MW to 30 MW,,0
2014,4,More than 30 MW,,0
2014,5,Less than 2.5 kW,3186,5363
2014,5,2.5 to 4.5 kW,6155,20193
2014,5,4.5 to 6.5 kW,5937,30807
2014,5,6.5 to 9.5 kW,299,2283
2014,5,9.5 to 14 kW,312,3262
2014,5,14 to 25 kW,136,2429
2014,5,25 to 100 kW,161,6844
2014,5,100 kW to 5 MW,,2659
2014,5,5 MW to 30 MW,,20000
2014,5,More than 30 MW,,0
2014,6,Less than 2.5 kW,2901,4866
2014,6,2.5 to 4.5 kW,5306,17454
2014,6,4.5 to 6.5 kW,5395,28076
2014,6,6.5 to 9.5 kW,271,2055
2014,6,9.5 to 14 kW,243,2550
2014,6,14 to 25 kW,136,2450
2014,6,25 to 100 kW,164,6675
2014,6,100 kW to 5 MW,,969
2014,6,5 MW to 30 MW,,0
2014,6,More than 30 MW,,0
2014,7,Less than 2.5 kW,3303,5575
2014,7,2.5 to 4.5 kW,6192,20298
2014,7,4.5 to 6.5 kW,5836,30330
2014,7,6.5 to 9.5 kW,306,2331
2014,7,9.5 to 14 kW,280,2925
2014,7,14 to 25 kW,162,2926
2014,7,25 to 100 kW,182,7362
2014,7,100 kW to 5 MW,,1678
2014,7,5 MW to 30 MW,,0
2014,7,More than 30 MW,,0
2014,8,Less than 2.5 kW,3059,5255
2014,8,2.5 to 4.5 kW,5589,18351
2014,8,4.5 to 6.5 kW,5178,26864
2014,8,6.5 to 9.5 kW,328,2475
2014,8,9.5 to 14 kW,291,3052
2014,8,14 to 25 kW,155,2735
2014,8,25 to 100 kW,179,7407
2014,8,100 kW to 5 MW,,1084
2014,8,5 MW to 30 MW,,0
2014,8,More than 30 MW,,0
2014,9,Less than 2.5 kW,3555,6038
2014,9,2.5 to 4.5 kW,6140,20166
2014,9,4.5 to 6.5 kW,5872,30558
2014,9,6.5 to 9.5 kW,382,2882
2014,9,9.5 to 14 kW,305,3212
2014,9,14 to 25 kW,155,2747
2014,9,25 to 100 kW,168,6750
2014,9,100 kW to 5 MW,,862
2014,9,5 MW to 30 MW,,0
2014,9,More than 30 MW,,0
2014,10,Less than 2.5 kW,3312,5643
2014,10,2.5 to 4.5 kW,6489,21335
2014,10,4.5 to 6.5 kW,5935,30858
2014,10,6.5 to 9.5 kW,373,2791
2014,10,9.5 to 14 kW,336,3499
2014,10,14 to 25 kW,193,3423
2014,10,25 to 100 kW,173,7344
2014,10,100 kW to 5 MW,,1033
2014,10,5 MW to 30 MW,,0
2014,10,More than 30 MW,,0
2014,11,Less than 2.5 kW,2542,4316
2014,11,2.5 to 4.5 kW,5472,18002
2014,11,4.5 to 6.5 kW,5158,26869
2014,11,6.5 to 9.5 kW,371,2805
2014,11,9.5 to 14 kW,289,3048
2014,11,14 to 25 kW,128,2244
2014,11,25 to 100 kW,195,8109
2014,11,100 kW to 5 MW,,1897
2014,11,5 MW to 30 MW,,0
2014,11,More than 30 MW,,0
2014,12,Less than 2.5 kW,2187,3763
2014,12,2.5 to 4.5 kW,5355,17538
2014,12,4.5 to 6.5 kW,4946,25752
2014,12,6.5 to 9.5 kW,384,2863
2014,12,9.5 to 14 kW,292,3057
2014,12,14 to 25 kW,169,3015
2014,12,25 to 100 kW,199,8537
2014,12,100 kW to 5 MW,,1500
2014,12,5 MW to 30 MW,,0
2014,12,More than 30 MW,,0
2015,1,Less than 2.5 kW,2072,3569
2015,1,2.5 to 4.5 kW,4474,14705
2015,1,4.5 to 6.5 kW,4175,21721
2015,1,6.5 to 9.5 kW,268,2021
2015,1,9.5 to 14 kW,212,2229
2015,1,14 to 25 kW,128,2235
2015,1,25 to 100 kW,136,6547
2015,1,100 kW to 5 MW,,688
2015,1,5 MW to 30 MW,,0
2015,1,More than 30 MW,,0
2015,2,Less than 2.5 kW,2239,3790
2015,2,2.5 to 4.5 kW,4767,15659
2015,2,4.5 to 6.5 kW,4892,25450
2015,2,6.5 to 9.5 kW,350,2626
2015,2,9.5 to 14 kW,290,3048
2015,2,14 to 25 kW,165,2908
2015,2,25 to 100 kW,173,7642
2015,2,100 kW to 5 MW,,725
2015,2,5 MW to 30 MW,,0
2015,2,More than 30 MW,,0
2015,3,Less than 2.5 kW,2295,3860
2015,3,2.5 to 4.5 kW,4853,15900
2015,3,4.5 to 6.5 kW,5019,26255
2015,3,6.5 to 9.5 kW,391,2917
2015,3,9.5 to 14 kW,275,2883
2015,3,14 to 25 kW,168,2993
2015,3,25 to 100 kW,164,7283
2015,3,100 kW to 5 MW,,1687
2015,3,5 MW to 30 MW,,0
2015,3,More than 30 MW,,102000
2015,4,Less than 2.5 kW,1909,3235
2015,4,2.5 to 4.5 kW,4066,13332
2015,4,4.5 to 6.5 kW,4241,22181
2015,4,6.5 to 9.5 kW,326,2414
2015,4,9.5 to 14 kW,252,2641
2015,4,14 to 25 kW,157,2843
2015,4,25 to 100 kW,121,4829
2015,4,100 kW to 5 MW,,2371
2015,4,5 MW to 30 MW,,0
2015,4,More than 30 MW,,0
2015,5,Less than 2.5 kW,2013,3396
2015,5,2.5 to 4.5 kW,4072,13390
2015,5,4.5 to 6.5 kW,4545,23781
2015,5,6.5 to 9.5 kW,381,2805
2015,5,9.5 to 14 kW,288,3029
2015,5,14 to 25 kW,155,2841
2015,5,25 to 100 kW,173,7608
2015,5,100 kW to 5 MW,,3055
2015,5,5 MW to 30 MW,,0
2015,5,More than 30 MW,,0
2015,6,Less than 2.5 kW,1853,3179
2015,6,2.5 to 4.5 kW,4046,13444
2015,6,4.5 to 6.5 kW,4817,25319
2015,6,6.5 to 9.5 kW,388,2872
2015,6,9.5 to 14 kW,295,3142
2015,6,14 to 25 kW,205,3718
2015,6,25 to 100 kW,183,7731
2015,6,100 kW to 5 MW,,1000
2015,6,5 MW to 30 MW,,0
2015,6,More than 30 MW,,0
2015,7,Less than 2.5 kW,2011,3489
2015,7,2.5 to 4.5 kW,4306,14365
2015,7,4.5 to 6.5 kW,5649,29754
2015,7,6.5 to 9.5 kW,434,3197
2015,7,9.5 to 14 kW,341,3602
2015,7,14 to 25 kW,190,3400
2015,7,25 to 100 kW,178,7552
2015,7,100 kW to 5 MW,,1250
2015,7,5 MW to 30 MW,,0
2015,7,More than 30 MW,,53000
2015,8,Less than 2.5 kW,1574,2766
2015,8,2.5 to 4.5 kW,3954,13256
2015,8,4.5 to 6.5 kW,5116,26902
2015,8,6.5 to 9.5 kW,380,2809
2015,8,9.5 to 14 kW,272,2883
2015,8,14 to 25 kW,151,2688
2015,8,25 to 100 kW,174,7696
2015,8,100 kW to 5 MW,,4110
2015,8,5 MW to 30 MW,,0
2015,8,More than 30 MW,,0
2015,9,Less than 2.5 kW,1641,2860
2015,9,2.5 to 4.5 kW,3948,13209
2015,9,4.5 to 6.5 kW,5162,27282
2015,9,6.5 to 9.5 kW,401,2959
2015,9,9.5 to 14 kW,283,2981
2015,9,14 to 25 kW,188,3351
2015,9,25 to 100 kW,154,6968
2015,9,100 kW to 5 MW,,2806
2015,9,5 MW to 30 MW,,0
2015,9,More than 30 MW,,0
2015,10,Less than 2.5 kW,1586,2772
2015,10,2.5 to 4.5 kW,3809,12779
2015,10,4.5 to 6.5 kW,5072,26847
2015,10,6.5 to 9.5 kW,401,2965
2015,10,9.5 to 14 kW,276,2903
2015,10,14 to 25 kW,146,2604
2015,10,25 to 100 kW,191,9250
2015,10,100 kW to 5 MW,,2071
2015,10,5 MW to 30 MW,,0
2015,10,More than 30 MW,,0
2015,11,Less than 2.5 kW,1502,2599
2015,11,2.5 to 4.5 kW,3866,12911
2015,11,4.5 to 6.5 kW,4798,25377
2015,11,6.5 to 9.5 kW,417,3085
2015,11,9.5 to 14 kW,303,3239
2015,11,14 to 25 kW,171,3055
2015,11,25 to 100 kW,179,7366
2015,11,100 kW to 5 MW,,5895
2015,11,5 MW to 30 MW,,0
2015,11,More than 30 MW,,0
2015,12,Less than 2.5 kW,1272,2230
2015,12,2.5 to 4.5 kW,3443,11593
2015,12,4.5 to 6.5 kW,4508,23905
2015,12,6.5 to 9.5 kW,382,2833
2015,12,9.5 to 14 kW,332,3514
2015,12,14 to 25 kW,178,3203
2015,12,25 to 100 kW,182,8820
2015,12,100 kW to 5 MW,,3848
2015,12,5 MW to 30 MW,,0
2015,12,More than 30 MW,,0
2016,1,Less than 2.5 kW,1114,1979
2016,1,2.5 to 4.5 kW,2663,8921
2016,1,4.5 to 6.5 kW,3705,19713
2016,1,6.5 to 9.5 kW,326,2359
2016,1,9.5 to 14 kW,206,2203
2016,1,14 to 25 kW,102,1857
2016,1,25 to 100 kW,97,4678
2016,1,100 kW to 5 MW,,894
2016,1,5 MW to 30 MW,,0
2016,1,More than 30 MW,,0
2016,2,Less than 2.5 kW,1512,2669
2016,2,2.5 to 4.5 kW,3554,11839
2016,2,4.5 to 6.5 kW,4897,26026
2016,2,6.5 to 9.5 kW,423,3079
2016,2,9.5 to 14 kW,268,2828
2016,2,14 to 25 kW,148,2733
2016,2,25 to 100 kW,163,7361
2016,2,100 kW to 5 MW,,1164
2016,2,5 MW to 30 MW,,0
2016,2,More than 30 MW,,56000
2016,3,Less than 2.5 kW,1439,2491
2016,3,2.5 to 4.5 kW,3512,11848
2016,3,4.5 to 6.5 kW,4723,25194
2016,3,6.5 to 9.5 kW,418,3038
2016,3,9.5 to 14 kW,261,2780
2016,3,14 to 25 kW,137,2453
2016,3,25 to 100 kW,156,7290
2016,3,100 kW to 5 MW,,2107
2016,3,5 MW to 30 MW,,0
2016,3,More than 30 MW,,0
2016,4,Less than 2.5 kW,1397,2452
2016,4,2.5 to 4.5 kW,3353,11219
2016,4,4.5 to 6.5 kW,4438,23663
2016,4,6.5 to 9.5 kW,484,3522
2016,4,9.5 to 14 kW,292,3106
2016,4,14 to 25 kW,154,2805
2016,4,25 to 100 kW,171,8808
2016,4,100 kW to 5 MW,,2140
2016,4,5 MW to 30 MW,,10560
2016,4,More than 30 MW,,0
2016,5,Less than 2.5 kW,1357,2385
2016,5,2.5 to 4.5 kW,3429,11513
2016,5,4.5 to 6.5 kW,4710,25091
2016,5,6.5 to 9.5 kW,542,3916
2016,5,9.5 to 14 kW,292,3134
2016,5,14 to 25 kW,175,3212
2016,5,25 to 100 kW,186,9174
2016,5,100 kW to 5 MW,,1210
2016,5,5 MW to 30 MW,,0
2016,5,More than 30 MW,,0
2016,6,Less than 2.5 kW,1240,2166
2016,6,2.5 to 4.5 kW,3191,10716
2016,6,4.5 to 6.5 kW,4398,23492
2016,6,6.5 to 9.5 kW,498,3603
2016,6,9.5 to 14 kW,333,3579
2016,6,14 to 25 kW,204,3714
2016,6,25 to 100 kW,201,9340
2016,6,100 kW to 5 MW,,7169
2016,6,5 MW to 30 MW,,0
2016,6,More than 30 MW,,0
2016,7,Less than 2.5 kW,1296,2264
2016,7,2.5 to 4.5 kW,3232,10894
2016,7,4.5 to 6.5 kW,4373,23424
2016,7,6.5 to 9.5 kW,517,3727
2016,7,9.5 to 14 kW,346,3756
2016,7,14 to 25 kW,181,3369
2016,7,25 to 100 kW,188,9340
2016,7,100 kW to 5 MW,,1449
2016,7,5 MW to 30 MW,,0
2016,7,More than 30 MW,,0
2016,8,Less than 2.5 kW,1472,2566
2016,8,2.5 to 4.5 kW,3588,12189
2016,8,4.5 to 6.5 kW,5057,27127
2016,8,6.5 to 9.5 kW,560,4050
2016,8,9.5 to 14 kW,361,3843
2016,8,14 to 25 kW,222,3993
2016,8,25 to 100 kW,203,9650
2016,8,100 kW to 5 MW,,2775
2016,8,5 MW to 30 MW,,0
2016,8,More than 30 MW,,0
2016,9,Less than 2.5 kW,1229,2143
2016,9,2.5 to 4.5 kW,3452,11740
2016,9,4.5 to 6.5 kW,5207,28052
2016,9,6.5 to 9.5 kW,569,4104
2016,9,9.5 to 14 kW,397,4290
2016,9,14 to 25 kW,216,3920
2016,9,25 to 100 kW,242,11347
2016,9,100 kW to 5 MW,,3190
2016,9,5 MW to 30 MW,,0
2016,9,More than 30 MW,,0
2016,10,Less than 2.5 kW,1300,2289
2016,10,2.5 to 4.5 kW,3170,10705
2016,10,4.5 to 6.5 kW,5181,27976
2016,10,6.5 to 9.5 kW,603,4294
2016,10,9.5 to 14 kW,387,4141
2016,10,14 to 25 kW,184,3365
2016,10,25 to 100 kW,234,11379
2016,10,100 kW to 5 MW,,1954
2016,10,5 MW to 30 MW,,0
2016,10,More than 30 MW,,0
2016,11,Less than 2.5 kW,1371,2479
2016,11,2.5 to 4.5 kW,4098,13980
2016,11,4.5 to 6.5 kW,6330,34408
2016,11,6.5 to 9.5 kW,771,5479
2016,11,9.5 to 14 kW,417,4496
2016,11,14 to 25 kW,228,4153
2016,11,25 to 100 kW,220,10344
2016,11,100 kW to 5 MW,,3304
2016,11,5 MW to 30 MW,,0
2016,11,More than 30 MW,,0
2016,12,Less than 2.5 kW,1281,2334
2016,12,2.5 to 4.5 kW,3937,13496
2016,12,4.5 to 6.5 kW,6993,38332
2016,12,6.5 to 9.5 kW,881,6306
2016,12,9.5 to 14 kW,575,6205
2016,12,14 to 25 kW,309,5589
2016,12,25 to 100 kW,461,24693
2016,12,100 kW to 5 MW,,3004
2016,12,5 MW to 30 MW,,23988
2016,12,More than 30 MW,,0
2017,1,Less than 2.5 kW,1066,1947
2017,1,2.5 to 4.5 kW,3056,10483
2017,1,4.5 to 6.5 kW,4936,27144
2017,1,6.5 to 9.5 kW,578,4105
2017,1,9.5 to 14 kW,262,2809
2017,1,14 to 25 kW,121,2126
2017,1,25 to 100 kW,110,5309
2017,1,100 kW to 5 MW,,2487
2017,1,5 MW to 30 MW,,0
2017,1,More than 30 MW,,0
2017,2,Less than 2.5 kW,1529,2729
2017,2,2.5 to 4.5 kW,3739,12851
2017,2,4.5 to 6.5 kW,6272,34734
2017,2,6.5 to 9.5 kW,677,4848
2017,2,9.5 to 14 kW,408,4406
2017,2,14 to 25 kW,184,3355
2017,2,25 to 100 kW,185,8182
2017,2,100 kW to 5 MW,,1912
2017,2,5 MW to 30 MW,,0
2017,2,More than 30 MW,,0
2017,3,Less than 2.5 kW,1650,2944
2017,3,2.5 to 4.5 kW,3961,13579
2017,3,4.5 to 6.5 kW,6893,38230
2017,3,6.5 to 9.5 kW,768,5535
2017,3,9.5 to 14 kW,489,5304
2017,3,14 to 25 kW,219,4000
2017,3,25 to 100 kW,261,12755
2017,3,100 kW to 5 MW,,3154
2017,3,5 MW to 30 MW,,25000
2017,3,More than 30 MW,,0
2017,4,Less than 2.5 kW,1178,2100
2017,4,2.5 to 4.5 kW,3121,10738
2017,4,4.5 to 6.5 kW,5836,32330
2017,4,6.5 to 9.5 kW,720,5140
2017,4,9.5 to 14 kW,383,4106
2017,4,14 to 25 kW,178,3254
2017,4,25 to 100 kW,241,11399
2017,4,100 kW to 5 MW,,1252
2017,4,5 MW to 30 MW,,0
2017,4,More than 30 MW,,0
2017,5,Less than 2.5 kW,1429,2603
2017,5,2.5 to 4.5 kW,3878,13420
2017,5,4.5 to 6.5 kW,7185,39902
2017,5,6.5 to 9.5 kW,983,7028
2017,5,9.5 to 14 kW,576,6279
2017,5,14 to 25 kW,315,5802
2017,5,25 to 100 kW,319,16523
2017,5,100 kW to 5 MW,,6263
2017,5,5 MW to 30 MW,,0
2017,5,More than 30 MW,,0
2017,6,Less than 2.5 kW,1309,2395
2017,6,2.5 to 4.5 kW,3537,12331
2017,6,4.5 to 6.5 kW,7018,39525
2017,6,6.5 to 9.5 kW,909,6644
2017,6,9.5 to 14 kW,588,6411
2017,6,14 to 25 kW,324,5915
2017,6,25 to 100 kW,376,18261
2017,6,100 kW to 5 MW,,5249
2017,6,5 MW to 30 MW,,0
2017,6,More than 30 MW,,0
2017,7,Less than 2.5 kW,1290,2330
2017,7,2.5 to 4.5 kW,3559,12294
2017,7,4.5 to 6.5 kW,7636,43171
2017,7,6.5 to 9.5 kW,913,6628
2017,7,9.5 to 14 kW,596,6465
2017,7,14 to 25 kW,295,5291
2017,7,25 to 100 kW,325,16537
2017,7,100 kW to 5 MW,,2205
2017,7,5 MW to 30 MW,,15000
2017,7,More than 30 MW,,0
2017,8,Less than 2.5 kW,1410,2605
2017,8,2.5 to 4.5 kW,3683,12787
2017,8,4.5 to 6.5 kW,8212,46492
2017,8,6.5 to 9.5 kW,1235,8928
2017,8,9.5 to 14 kW,700,7661
2017,8,14 to 25 kW,286,5121
2017,8,25 to 100 kW,326,15481
2017,8,100 kW to 5 MW,,2882
2017,8,5 MW to 30 MW,,0
2017,8,More than 30 MW,,0
2017,9,Less than 2.5 kW,1157,2138
2017,9,2.5 to 4.5 kW,3315,11523
2017,9,4.5 to 6.5 kW,7612,43058
2017,9,6.5 to 9.5 kW,1268,9220
2017,9,9.5 to 14 kW,712,7821
2017,9,14 to 25 kW,290,5299
2017,9,25 to 100 kW,326,16143
2017,9,100 kW to 5 MW,,3900
2017,9,5 MW to 30 MW,,0
2017,9,More than 30 MW,,0
2017,10,Less than 2.5 kW,1077,1997
2017,10,2.5 to 4.5 kW,3438,11999
2017,10,4.5 to 6.5 kW,8380,47365
2017,10,6.5 to 9.5 kW,1521,10992
2017,10,9.5 to 14 kW,785,8541
2017,10,14 to 25 kW,305,5503
2017,10,25 to 100 kW,374,19414
2017,10,100 kW to 5 MW,,4386
2017,10,5 MW to 30 MW,,0
2017,10,More than 30 MW,,0
2017,11,Less than 2.5 kW,1167,2136
2017,11,2.5 to 4.5 kW,3709,12979
2017,11,4.5 to 6.5 kW,9652,54959
2017,11,6.5 to 9.5 kW,1953,14002
2017,11,9.5 to 14 kW,1019,11091
2017,11,14 to 25 kW,416,7440
2017,11,25 to 100 kW,442,22896
2017,11,100 kW to 5 MW,,14474
2017,11,5 MW to 30 MW,,13054
2017,11,More than 30 MW,,0
2017,12,Less than 2.5 kW,1009,1888
2017,12,2.5 to 4.5 kW,3408,11848
2017,12,4.5 to 6.5 kW,8987,51220
2017,12,6.5 to 9.5 kW,2137,15310
2017,12,9.5 to 14 kW,1082,11821
2017,12,14 to 25 kW,481,8685
2017,12,25 to 100 kW,703,40616
2017,12,100 kW to 5 MW,,4258
2017,12,5 MW to 30 MW,,10898
2017,12,More than 30 MW,,129091
2018,1,Less than 2.5 kW,866,1594
2018,1,2.5 to 4.5 kW,3056,10650
2018,1,4.5 to 6.5 kW,7465,42609
2018,1,6.5 to 9.5 kW,1786,12663
2018,1,9.5 to 14 kW,702,7672
2018,1,14 to 25 kW,234,4114
2018,1,25 to 100 kW,213,10659
2018,1,100 kW to 5 MW,,4093
2018,1,5 MW to 30 MW,,20162
2018,1,More than 30 MW,,34942
2018,2,Less than 2.5 kW,951,1808
2018,2,2.5 to 4.5 kW,3483,12267
2018,2,4.5 to 6.5 kW,8609,49025
2018,2,6.5 to 9.5 kW,2021,14329
2018,2,9.5 to 14 kW,921,10030
2018,2,14 to 25 kW,328,5896
2018,2,25 to 100 kW,315,16146
2018,2,100 kW to 5 MW,,11834
2018,2,5 MW to 30 MW,,0
2018,2,More than 30 MW,,0
2018,3,Less than 2.5 kW,1050,2031
2018,3,2.5 to 4.5 kW,3521,12337
2018,3,4.5 to 6.5 kW,8842,50363
2018,3,6.5 to 9.5 kW,2493,17518
2018,3,9.5 to 14 kW,1039,11380
2018,3,14 to 25 kW,381,6812
2018,3,25 to 100 kW,390,19662
2018,3,100 kW to 5 MW,,6524
2018,3,5 MW to 30 MW,,17344
2018,3,More than 30 MW,,339284
2018,4,Less than 2.5 kW,936,1772
2018,4,2.5 to 4.5 kW,3137,11046
2018,4,4.5 to 6.5 kW,7805,44590
2018,4,6.5 to 9.5 kW,2345,16520
2018,4,9.5 to 14 kW,900,9907
2018,4,14 to 25 kW,377,6795
2018,4,25 to 100 kW,379,19094
2018,4,100 kW to 5 MW,,10212
2018,4,5 MW to 30 MW,,16519
2018,4,More than 30 MW,,0
2018,5,Less than 2.5 kW,1101,2058
2018,5,2.5 to 4.5 kW,3494,12218
2018,5,4.5 to 6.5 kW,8341,47688
2018,5,6.5 to 9.5 kW,3150,22125
2018,5,9.5 to 14 kW,1190,12998
2018,5,14 to 25 kW,451,8094
2018,5,25 to 100 kW,494,26080
2018,5,100 kW to 5 MW,,11998
2018,5,5 MW to 30 MW,,37254
2018,5,More than 30 MW,,193702
2018,6,Less than 2.5 kW,840,1576
2018,6,2.5 to 4.5 kW,2783,9708
2018,6,4.5 to 6.5 kW,7126,40810
2018,6,6.5 to 9.5 kW,3583,24886
2018,6,9.5 to 14 kW,1105,12174
2018,6,14 to 25 kW,481,8637
2018,6,25 to 100 kW,506,26483
2018,6,100 kW to 5 MW,,9439
2018,6,5 MW to 30 MW,,5962
2018,6,More than 30 MW,,0
2018,7,Less than 2.5 kW,863,1629
2018,7,2.5 to 4.5 kW,2883,10166
2018,7,4.5 to 6.5 kW,7589,43579
2018,7,6.5 to 9.5 kW,4519,31171
2018,7,9.5 to 14 kW,1224,13538
2018,7,14 to 25 kW,437,7930
2018,7,25 to 100 kW,414,19989
2018,7,100 kW to 5 MW,,9045
2018,7,5 MW to 30 MW,,0
2018,7,More than 30 MW,,385566
2018,8,Less than 2.5 kW,901,1690
2018,8,2.5 to 4.5 kW,3064,10814
2018,8,4.5 to 6.5 kW,7709,44301
2018,8,6.5 to 9.5 kW,5472,37543
2018,8,9.5 to 14 kW,1278,14238
2018,8,14 to 25 kW,502,9173
2018,8,25 to 100 kW,451,22458
2018,8,100 kW to 5 MW,,7513
2018,8,5 MW to 30 MW,,5980
2018,8,More than 30 MW,,207051
2018,9,Less than 2.5 kW,763,1435
2018,9,2.5 to 4.5 kW,2893,10298
2018,9,4.5 to 6.5 kW,7284,41634
2018,9,6.5 to 9.5 kW,6150,42004
2018,9,9.5 to 14 kW,1173,12994
2018,9,14 to 25 kW,392,7125
2018,9,25 to 100 kW,394,19513
2018,9,100 kW to 5 MW,,10909
2018,9,5 MW to 30 MW,,25172
2018,9,More than 30 MW,,657275
2018,10,Less than 2.5 kW,849,1645
2018,10,2.5 to 4.5 kW,3262,11633
2018,10,4.5 to 6.5 kW,8204,46901
2018,10,6.5 to 9.5 kW,7502,51124
2018,10,9.5 to 14 kW,1405,15560
2018,10,14 to 25 kW,426,7707
2018,10,25 to 100 kW,471,23958
2018,10,100 kW to 5 MW,,10720
2018,10,5 MW to 30 MW,,19924
2018,10,More than 30 MW,,112459
2018,11,Less than 2.5 kW,939,1778
2018,11,2.5 to 4.5 kW,3310,11811
2018,11,4.5 to 6.5 kW,8975,51440
2018,11,6.5 to 9.5 kW,9059,61673
2018,11,9.5 to 14 kW,1574,17494
2018,11,14 to 25 kW,497,8974
2018,11,25 to 100 kW,547,29810
2018,11,100 kW to 5 MW,,13608
2018,11,5 MW to 30 MW,,0
2018,11,More than 30 MW,,205416
2018,12,Less than 2.5 kW,672,1268
2018,12,2.5 to 4.5 kW,2776,9883
2018,12,4.5 to 6.5 kW,7229,41257
2018,12,6.5 to 9.5 kW,8413,57268
2018,12,9.5 to 14 kW,1751,19640
2018,12,14 to 25 kW,654,12044
2018,12,25 to 100 kW,813,46976
2018,12,100 kW to 5 MW,,18750
2018,12,5 MW to 30 MW,,0
2018,12,More than 30 MW,,75092
2019,1,Less than 2.5 kW,549,1043
2019,1,2.5 to 4.5 kW,2662,9535
2019,1,4.5 to 6.5 kW,6076,34596
2019,1,6.5 to 9.5 kW,7797,52656
2019,1,9.5 to 14 kW,999,11040
2019,1,14 to 25 kW,269,4866
2019,1,25 to 100 kW,233,11614
2019,1,100 kW to 5 MW,,12712
2019,1,5 MW to 30 MW,,50874
2019,1,More than 30 MW,,84749
2019,2,Less than 2.5 kW,765,1459
2019,2,2.5 to 4.5 kW,3012,10840
2019,2,4.5 to 6.5 kW,7612,43408
2019,2,6.5 to 9.5 kW,9273,62888
2019,2,9.5 to 14 kW,1506,16922
2019,2,14 to 25 kW,386,7043
2019,2,25 to 100 kW,372,20175
2019,2,100 kW to 5 MW,,14260
2019,2,5 MW to 30 MW,,11424
2019,2,More than 30 MW,,253440
2019,3,Less than 2.5 kW,685,1278
2019,3,2.5 to 4.5 kW,3149,11276
2019,3,4.5 to 6.5 kW,7272,41528
2019,3,6.5 to 9.5 kW,9799,66522
2019,3,9.5 to 14 kW,1567,17598
2019,3,14 to 25 kW,476,8610
2019,3,25 to 100 kW,407,21179
2019,3,100 kW to 5 MW,,16403
2019,3,5 MW to 30 MW,,0
2019,3,More than 30 MW,,0
2019,4,Less than 2.5 kW,603,1090
2019,4,2.5 to 4.5 kW,2754,9846
2019,4,4.5 to 6.5 kW,6430,36642
2019,4,6.5 to 9.5 kW,8765,59634
2019,4,9.5 to 14 kW,1505,16895
2019,4,14 to 25 kW,384,6924
2019,4,25 to 100 kW,380,19189
2019,4,100 kW to 5 MW,,10471
2019,4,5 MW to 30 MW,,6093
2019,4,More than 30 MW,,181003
2019,5,Less than 2.5 kW,778,1414
2019,5,2.5 to 4.5 kW,2815,10043
2019,5,4.5 to 6.5 kW,6483,36987
2019,5,6.5 to 9.5 kW,9963,67818
2019,5,9.5 to 14 kW,1910,21330
2019,5,14 to 25 kW,533,9613
2019,5,25 to 100 kW,543,28374
2019,5,100 kW to 5 MW,,13578
2019,5,5 MW to 30 MW,,0
2019,5,More than 30 MW,,252796
2019,6,Less than 2.5 kW,761,1359
2019,6,2.5 to 4.5 kW,2217,7873
2019,6,4.5 to 6.5 kW,5042,28778
2019,6,6.5 to 9.5 kW,8282,56441
2019,6,9.5 to 14 kW,1647,18453
2019,6,14 to 25 kW,580,10654
2019,6,25 to 100 kW,587,29853
2019,6,100 kW to 5 MW,,14066
2019,6,5 MW to 30 MW,,7801
2019,6,More than 30 MW,,89216
2019,7,Less than 2.5 kW,721,1343
2019,7,2.5 to 4.5 kW,2398,8534
2019,7,4.5 to 6.5 kW,6130,35078
2019,7,6.5 to 9.5 kW,10475,71168
2019,7,9.5 to 14 kW,1871,21006
2019,7,14 to 25 kW,541,9966
2019,7,25 to 100 kW,541,28595
2019,7,100 kW to 5 MW,,22046
2019,7,5 MW to 30 MW,,5807
2019,7,More than 30 MW,,0
2019,8,Less than 2.5 kW,739,1334
2019,8,2.5 to 4.5 kW,2605,9364
2019,8,4.5 to 6.5 kW,6096,34881
2019,8,6.5 to 9.5 kW,10999,74783
2019,8,9.5 to 14 kW,1802,20317
2019,8,14 to 25 kW,504,9279
2019,8,25 to 100 kW,555,26954
2019,8,100 kW to 5 MW,,20822
2019,8,5 MW to 30 MW,,28352
2019,8,More than 30 MW,,218144
2019,9,Less than 2.5 kW,678,1253
2019,9,2.5 to 4.5 kW,2576,9240
2019,9,4.5 to 6.5 kW,6345,36465
2019,9,6.5 to 9.5 kW,12039,81805
2019,9,9.5 to 14 kW,2052,23013
2019,9,14 to 25 kW,536,9804
2019,9,25 to 100 kW,543,26864
2019,9,100 kW to 5 MW,,9003
2019,9,5 MW to 30 MW,,0
2019,9,More than 30 MW,,0
2019,10,Less than 2.5 kW,675,1258
2019,10,2.5 to 4.5 kW,2819,10163
2019,10,4.5 to 6.5 kW,6635,38039
2019,10,6.5 to 9.5 kW,14089,95772
2019,10,9.5 to 14 kW,2381,26788
2019,10,14 to 25 kW,567,10205
2019,10,25 to 100 kW,598,30372
2019,10,100 kW to 5 MW,,12639
2019,10,5 MW to 30 MW,,6861
2019,10,More than 30 MW,,255386
2019,11,Less than 2.5 kW,632,1175
2019,11,2.5 to 4.5 kW,3181,11225
2019,11,4.5 to 6.5 kW,6543,37364
2019,11,6.5 to 9.5 kW,15710,106572
2019,11,9.5 to 14 kW,2701,30390
2019,11,14 to 25 kW,619,11336
2019,11,25 to 100 kW,672,34880
2019,11,100 kW to 5 MW,,23568
2019,11,5 MW to 30 MW,,29327
2019,11,More than 30 MW,,300164
2019,12,Less than 2.5 kW,505,914
2019,12,2.5 to 4.5 kW,2467,8743
2019,12,4.5 to 6.5 kW,5818,33309
2019,12,6.5 to 9.5 kW,15831,107682
2019,12,9.5 to 14 kW,2989,33791
2019,12,14 to 25 kW,824,15170
2019,12,25 to 100 kW,983,55381
2019,12,100 kW to 5 MW,,18783
2019,12,5 MW to 30 MW,,8299
2019,12,More than 30 MW,,638827
2020,1,Less than 2.5 kW,462,867
2020,1,2.5 to 4.5 kW,2193,7800
2020,1,4.5 to 6.5 kW,4834,27512
2020,1,6.5 to 9.5 kW,13477,91172
2020,1,9.5 to 14 kW,1900,21389
2020,1,14 to 25 kW,349,6194
2020,1,25 to 100 kW,280,14239
2020,1,100 kW to 5 MW,,11505
2020,1,5 MW to 30 MW,,20654
2020,1,More than 30 MW,,0
2020,2,Less than 2.5 kW,456,843
2020,2,2.5 to 4.5 kW,2847,10088
2020,2,4.5 to 6.5 kW,5592,31810
2020,2,6.5 to 9.5 kW,15868,107378
2020,2,9.5 to 14 kW,2494,28055
2020,2,14 to 25 kW,494,8953
2020,2,25 to 100 kW,445,22410
2020,2,100 kW to 5 MW,,22860
2020,2,5 MW to 30 MW,,0
2020,2,More than 30 MW,,0
2020,3,Less than 2.5 kW,641,1188
2020,3,2.5 to 4.5 kW,3031,10689
2020,3,4.5 to 6.5 kW,6137,34884
2020,3,6.5 to 9.5 kW,17298,117391
2020,3,9.5 to 14 kW,3078,34742
2020,3,14 to 25 kW,595,10758
2020,3,25 to 100 kW,549,29518
2020,3,100 kW to 5 MW,,13791
2020,3,5 MW to 30 MW,,0
2020,3,More than 30 MW,,121540
2020,4,Less than 2.5 kW,641,1151
2020,4,2.5 to 4.5 kW,2549,9015
2020,4,4.5 to 6.5 kW,4802,27225
2020,4,6.5 to 9.5 kW,14637,99444
2020,4,9.5 to 14 kW,2899,32868
2020,4,14 to 25 kW,535,9624
2020,4,25 to 100 kW,522,27164
2020,4,100 kW to 5 MW,,20517
2020,4,5 MW to 30 MW,,0
2020,4,More than 30 MW,,112414
2020,5,Less than 2.5 kW,646,1181
2020,5,2.5 to 4.5 kW,2884,10081
2020,5,4.5 to 6.5 kW,4805,27330
2020,5,6.5 to 9.5 kW,15322,104185
2020,5,9.5 to 14 kW,3129,35434
2020,5,14 to 25 kW,606,10934
2020,5,25 to 100 kW,557,30923
2020,5,100 kW to 5 MW,,7793
2020,5,5 MW to 30 MW,,0
2020,5,More than 30 MW,,0
2020,6,Less than 2.5 kW,651,1197
2020,6,2.5 to 4.5 kW,2791,9747
2020,6,4.5 to 6.5 kW,4758,27064
2020,6,6.5 to 9.5 kW,17014,115758
2020,6,9.5 to 14 kW,3500,39622
2020,6,14 to 25 kW,716,13153
2020,6,25 to 100 kW,775,42681
2020,6,100 kW to 5 MW,,8715
2020,6,5 MW to 30 MW,,26240
2020,6,More than 30 MW,,221082
2020,7,Less than 2.5 kW,639,1144
2020,7,2.5 to 4.5 kW,2616,9338
2020,7,4.5 to 6.5 kW,5331,30320
2020,7,6.5 to 9.5 kW,19739,134150
2020,7,9.5 to 14 kW,4109,46334
2020,7,14 to 25 kW,696,12624
2020,7,25 to 100 kW,618,32836
2020,7,100 kW to 5 MW,,11953
2020,7,5 MW to 30 MW,,6097
2020,7,More than 30 MW,,33794
2020,8,Less than 2.5 kW,541,956
2020,8,2.5 to 4.5 kW,2097,7459
2020,8,4.5 to 6.5 kW,3983,22603
2020,8,6.5 to 9.5 kW,16877,115164
2020,8,9.5 to 14 kW,3804,42974
2020,8,14 to 25 kW,664,11951
2020,8,25 to 100 kW,509,25277
2020,8,100 kW to 5 MW,,11139
2020,8,5 MW to 30 MW,,0
2020,8,More than 30 MW,,0
2020,9,Less than 2.5 kW,583,1041
2020,9,2.5 to 4.5 kW,2177,7740
2020,9,4.5 to 6.5 kW,4075,23146
2020,9,6.5 to 9.5 kW,18637,127400
2020,9,9.5 to 14 kW,4534,51245
2020,9,14 to 25 kW,862,15676
2020,9,25 to 100 kW,568,28741
2020,9,100 kW to 5 MW,,13182
2020,9,5 MW to 30 MW,,6720
2020,9,More than 30 MW,,256480
2020,10,Less than 2.5 kW,578,1047
2020,10,2.5 to 4.5 kW,2287,8126
2020,10,4.5 to 6.5 kW,4158,23628
2020,10,6.5 to 9.5 kW,19977,136508
2020,10,9.5 to 14 kW,4655,52682
2020,10,14 to 25 kW,747,13561
2020,10,25 to 100 kW,614,31208
2020,10,100 kW to 5 MW,,8579
2020,10,5 MW to 30 MW,,0
2020,10,More than 30 MW,,39056
2020,11,Less than 2.5 kW,592,1075
2020,11,2.5 to 4.5 kW,2409,8715
2020,11,4.5 to 6.5 kW,5020,28649
2020,11,6.5 to 9.5 kW,23257,159096
2020,11,9.5 to 14 kW,5857,65850
2020,11,14 to 25 kW,876,15729
2020,11,25 to 100 kW,744,38659
2020,11,100 kW to 5 MW,,5084
2020,11,5 MW to 30 MW,,0
2020,11,More than 30 MW,,306517
2020,12,Less than 2.5 kW,527,973
2020,12,2.5 to 4.5 kW,2193,7853
2020,12,4.5 to 6.5 kW,4251,24395
2020,12,6.5 to 9.5 kW,21364,146618
2020,12,9.5 to 14 kW,6348,71889
2020,12,14 to 25 kW,1246,22794
2020,12,25 to 100 kW,1129,58619
2020,12,100 kW to 5 MW,,12705
2020,12,5 MW to 30 MW,,45270
2020,12,More than 30 MW,,388088
2021,1,Less than 2.5 kW,351,631
2021,1,2.5 to 4.5 kW,1810,6606
2021,1,4.5 to 6.5 kW,3312,18871
2021,1,6.5 to 9.5 kW,16798,114773
2021,1,9.5 to 14 kW,4191,46877
2021,1,14 to 25 kW,447,8040
2021,1,25 to 100 kW,263,12186
2021,1,100 kW to 5 MW,,17954
2021,1,5 MW to 30 MW,,13664
2021,1,More than 30 MW,,0
2021,2,Less than 2.5 kW,530,949
2021,2,2.5 to 4.5 kW,2334,8404
2021,2,4.5 to 6.5 kW,4312,24617
2021,2,6.5 to 9.5 kW,20227,138566
2021,2,9.5 to 14 kW,5724,63729
2021,2,14 to 25 kW,727,13152
2021,2,25 to 100 kW,473,22264
2021,2,100 kW to 5 MW,,13109
2021,2,5 MW to 30 MW,,8275
2021,2,More than 30 MW,,139666
2021,3,Less than 2.5 kW,591,1076
2021,3,2.5 to 4.5 kW,2617,9497
2021,3,4.5 to 6.5 kW,4560,25934
2021,3,6.5 to 9.5 kW,21510,147482
2021,3,9.5 to 14 kW,6485,72666
2021,3,14 to 25 kW,844,15276
2021,3,25 to 100 kW,588,28967
2021,3,100 kW to 5 MW,,14337
2021,3,5 MW to 30 MW,,37095
2021,3,More than 30 MW,,0
2021,4,Less than 2.5 kW,503,900
2021,4,2.5 to 4.5 kW,2341,8478
2021,4,4.5 to 6.5 kW,4037,23029
2021,4,6.5 to 9.5 kW,18483,126974
2021,4,9.5 to 14 kW,5857,65880
2021,4,14 to 25 kW,777,14168
2021,4,25 to 100 kW,541,25330
2021,4,100 kW to 5 MW,,4817
2021,4,5 MW to 30 MW,,18346
2021,4,More than 30 MW,,0
2021,5,Less than 2.5 kW,556,1005
2021,5,2.5 to 4.5 kW,2331,8473
2021,5,4.5 to 6.5 kW,3528,20035
2021,5,6.5 to 9.5 kW,16897,116291
2021,5,9.5 to 14 kW,5559,62845
2021,5,14 to 25 kW,898,16299
2021,5,25 to 100 kW,675,34393
2021,5,100 kW to 5 MW,,3987
2021,5,5 MW to 30 MW,,21161
2021,5,More than 30 MW,,71142
2021,6,Less than 2.5 kW,483,884
2021,6,2.5 to 4.5 kW,2320,8358
2021,6,4.5 to 6.5 kW,3718,21191
2021,6,6.5 to 9.5 kW,16839,115947
2021,6,9.5 to 14 kW,5685,64288
2021,6,14 to 25 kW,956,17467
2021,6,25 to 100 kW,792,39286
2021,6,100 kW to 5 MW,,6964
2021,6,5 MW to 30 MW,,0
2021,6,More than 30 MW,,153777
2021,7,Less than 2.5 kW,478,876
2021,7,2.5 to 4.5 kW,1975,7163
2021,7,4.5 to 6.5 kW,3525,20205
2021,7,6.5 to 9.5 kW,16318,112154
2021,7,9.5 to 14 kW,5512,62400
2021,7,14 to 25 kW,844,15260
2021,7,25 to 100 kW,614,29890
2021,7,100 kW to 5 MW,,7817
2021,7,5 MW to 30 MW,,0
2021,7,More than 30 MW,,78798
2021,8,Less than 2.5 kW,563,1029
2021,8,2.5 to 4.5 kW,1898,6892
2021,8,4.5 to 6.5 kW,3291,18886
2021,8,6.5 to 9.5 kW,16047,110547
2021,8,9.5 to 14 kW,5606,63343
2021,8,14 to 25 kW,830,15016
2021,8,25 to 100 kW,565,26863
2021,8,100 kW to 5 MW,,11160
2021,8,5 MW to 30 MW,,30351
2021,8,More than 30 MW,,190867
2021,9,Less than 2.5 kW,472,860
2021,9,2.5 to 4.5 kW,1862,6699
2021,9,4.5 to 6.5 kW,3264,18720
2021,9,6.5 to 9.5 kW,16006,110890
2021,9,9.5 to 14 kW,6674,75617
2021,9,14 to 25 kW,890,16291
2021,9,25 to 100 kW,569,26226
2021,9,100 kW to 5 MW,,3500
2021,9,5 MW to 30 MW,,16854
2021,9,More than 30 MW,,0
2021,10,Less than 2.5 kW,448,830
2021,10,2.5 to 4.5 kW,1661,6005
2021,10,4.5 to 6.5 kW,3107,17882
2021,10,6.5 to 9.5 kW,15458,107211
2021,10,9.5 to 14 kW,6359,72412
2021,10,14 to 25 kW,892,16203
2021,10,25 to 100 kW,621,32173
2021,10,100 kW to 5 MW,,9733
2021,10,5 MW to 30 MW,,0
2021,10,More than 30 MW,,119381
2021,11,Less than 2.5 kW,475,854
2021,11,2.5 to 4.5 kW,1704,6176
2021,11,4.5 to 6.5 kW,3667,21143
2021,11,6.5 to 9.5 kW,16840,116849
2021,11,9.5 to 14 kW,6837,77718
2021,11,14 to 25 kW,969,17476
2021,11,25 to 100 kW,761,37961
2021,11,100 kW to 5 MW,,13373
2021,11,5 MW to 30 MW,,40602
2021,11,More than 30 MW,,570624
2021,12,Less than 2.5 kW,394,695
2021,12,2.5 to 4.5 kW,1538,5571
2021,12,4.5 to 6.5 kW,3419,19716
2021,12,6.5 to 9.5 kW,16067,111925
2021,12,9.5 to 14 kW,7749,88733
2021,12,14 to 25 kW,1347,24710
2021,12,25 to 100 kW,1119,57575
2021,12,100 kW to 5 MW,,13964
2021,12,5 MW to 30 MW,,0
2021,12,More than 30 MW,,202501
2022,1,Less than 2.5 kW,174,291
2022,1,2.5 to 4.5 kW,920,3344
2022,1,4.5 to 6.5 kW,2144,12400
2022,1,6.5 to 9.5 kW,9580,66545
2022,1,9.5 to 14 kW,3539,40091
2022,1,14 to 25 kW,363,6430
2022,1,25 to 100 kW,149,6089
2022,1,100 kW to 5 MW,,1535
2022,1,5 MW to 30 MW,,0
2022,1,More than 30 MW,,0
2022,2,Less than 2.5 kW,338,624
2022,2,2.5 to 4.5 kW,1324,4826
2022,2,4.5 to 6.5 kW,2990,17138
2022,2,6.5 to 9.5 kW,12733,88499
2022,2,9.5 to 14 kW,5253,59507
2022,2,14 to 25 kW,646,11584
2022,2,25 to 100 kW,286,12048
2022,2,100 kW to 5 MW,,3587
2022,2,5 MW to 30 MW,,8450
2022,2,More than 30 MW,,0
2022,3,Less than 2.5 kW,364,671
2022,3,2.5 to 4.5 kW,1488,5393
2022,3,4.5 to 6.5 kW,2936,16857
2022,3,6.5 to 9.5 kW,13322,92501
2022,3,9.5 to 14 kW,5500,62334
2022,3,14 to 25 kW,687,12400
2022,3,25 to 100 kW,374,18295
2022,3,100 kW to 5 MW,,1200
2022,3,5 MW to 30 MW,,12538
2022,3,More than 30 MW,,141506
2022,4,Less than 2.5 kW,414,822
2022,4,2.5 to 4.5 kW,1010,3670
2022,4,4.5 to 6.5 kW,2181,12559
2022,4,6.5 to 9.5 kW,9956,69285
2022,4,9.5 to 14 kW,4462,50748
2022,4,14 to 25 kW,577,10442
2022,4,25 to 100 kW,328,15377
2022,4,100 kW to 5 MW,,2802
2022,4,5 MW to 30 MW,,13620
2022,4,More than 30 MW,,199823
2022,5,Less than 2.5 kW,270,517
2022,5,2.5 to 4.5 kW,1110,4047
2022,5,4.5 to 6.5 kW,2244,12857
2022,5,6.5 to 9.5 kW,10276,71717
2022,5,9.5 to 14 kW,4571,51998
2022,5,14 to 25 kW,577,10450
2022,5,25 to 100 kW,292,13687
2022,5,100 kW to 5 MW,,2791
2022,5,5 MW to 30 MW,,0
2022,5,More than 30 MW,,0
2022,6,Less than 2.5 kW,200,382
2022,6,2.5 to 4.5 kW,713,2602
2022,6,4.5 to 6.5 kW,1500,8636
2022,6,6.5 to 9.5 kW,7519,52454
2022,6,9.5 to 14 kW,3459,39533
2022,6,14 to 25 kW,410,7444
2022,6,25 to 100 kW,151,5842
2022,6,100 kW to 5 MW,,100
2022,6,5 MW to 30 MW,,0
2022,6,More than 30 MW,,0
