year,month,size,count
2010.0,1.0,<2.5kW,7881
2010.0,1.0,2.5<4.5kW,401
2010.0,1.0,4.5<6.5kW,88
2010.0,1.0,6.5<9.5kW,10
2010.0,1.0,9.5<14kW,16
2010.0,1.0,14<25kW,0
2010.0,1.0,25<=100kW,2
2010.0,2.0,<2.5kW,9387
2010.0,2.0,2.5<4.5kW,718
2010.0,2.0,4.5<6.5kW,133
2010.0,2.0,6.5<9.5kW,23
2010.0,2.0,9.5<14kW,29
2010.0,2.0,14<25kW,5
2010.0,2.0,25<=100kW,0
2010.0,3.0,<2.5kW,11921
2010.0,3.0,2.5<4.5kW,1006
2010.0,3.0,4.5<6.5kW,202
2010.0,3.0,6.5<9.5kW,34
2010.0,3.0,9.5<14kW,51
2010.0,3.0,14<25kW,7
2010.0,3.0,25<=100kW,7
2010.0,4.0,<2.5kW,11838
2010.0,4.0,2.5<4.5kW,1260
2010.0,4.0,4.5<6.5kW,224
2010.0,4.0,6.5<9.5kW,30
2010.0,4.0,9.5<14kW,53
2010.0,4.0,14<25kW,7
2010.0,4.0,25<=100kW,1
2010.0,5.0,<2.5kW,14743
2010.0,5.0,2.5<4.5kW,1562
2010.0,5.0,4.5<6.5kW,243
2010.0,5.0,6.5<9.5kW,48
2010.0,5.0,9.5<14kW,82
2010.0,5.0,14<25kW,4
2010.0,5.0,25<=100kW,5
2010.0,6.0,<2.5kW,15577
2010.0,6.0,2.5<4.5kW,1941
2010.0,6.0,4.5<6.5kW,395
2010.0,6.0,6.5<9.5kW,64
2010.0,6.0,9.5<14kW,166
2010.0,6.0,14<25kW,7
2010.0,6.0,25<=100kW,10
2010.0,7.0,<2.5kW,13667
2010.0,7.0,2.5<4.5kW,2383
2010.0,7.0,4.5<6.5kW,503
2010.0,7.0,6.5<9.5kW,78
2010.0,7.0,9.5<14kW,161
2010.0,7.0,14<25kW,7
2010.0,7.0,25<=100kW,9
2010.0,8.0,<2.5kW,13902
2010.0,8.0,2.5<4.5kW,2625
2010.0,8.0,4.5<6.5kW,565
2010.0,8.0,6.5<9.5kW,96
2010.0,8.0,9.5<14kW,181
2010.0,8.0,14<25kW,10
2010.0,8.0,25<=100kW,11
2010.0,9.0,<2.5kW,14993
2010.0,9.0,2.5<4.5kW,3043
2010.0,9.0,4.5<6.5kW,651
2010.0,9.0,6.5<9.5kW,93
2010.0,9.0,9.5<14kW,216
2010.0,9.0,14<25kW,14
2010.0,9.0,25<=100kW,12
2010.0,10.0,<2.5kW,16737
2010.0,10.0,2.5<4.5kW,3376
2010.0,10.0,4.5<6.5kW,723
2010.0,10.0,6.5<9.5kW,121
2010.0,10.0,9.5<14kW,195
2010.0,10.0,14<25kW,9
2010.0,10.0,25<=100kW,9
2010.0,11.0,<2.5kW,19523
2010.0,11.0,2.5<4.5kW,4206
2010.0,11.0,4.5<6.5kW,874
2010.0,11.0,6.5<9.5kW,99
2010.0,11.0,9.5<14kW,231
2010.0,11.0,14<25kW,26
2010.0,11.0,25<=100kW,25
2010.0,12.0,<2.5kW,14366
2010.0,12.0,2.5<4.5kW,3335
2010.0,12.0,4.5<6.5kW,631
2010.0,12.0,6.5<9.5kW,89
2010.0,12.0,9.5<14kW,207
2010.0,12.0,14<25kW,14
2010.0,12.0,25<=100kW,12
2011.0,1.0,<2.5kW,19059
2011.0,1.0,2.5<4.5kW,4870
2011.0,1.0,4.5<6.5kW,1024
2011.0,1.0,6.5<9.5kW,122
2011.0,1.0,9.5<14kW,360
2011.0,1.0,14<25kW,15
2011.0,1.0,25<=100kW,16
2011.0,2.0,<2.5kW,21869
2011.0,2.0,2.5<4.5kW,5372
2011.0,2.0,4.5<6.5kW,1088
2011.0,2.0,6.5<9.5kW,153
2011.0,2.0,9.5<14kW,329
2011.0,2.0,14<25kW,25
2011.0,2.0,25<=100kW,14
2011.0,3.0,<2.5kW,26644
2011.0,3.0,2.5<4.5kW,6766
2011.0,3.0,4.5<6.5kW,1439
2011.0,3.0,6.5<9.5kW,139
2011.0,3.0,9.5<14kW,503
2011.0,3.0,14<25kW,22
2011.0,3.0,25<=100kW,15
2011.0,4.0,<2.5kW,24638
2011.0,4.0,2.5<4.5kW,6480
2011.0,4.0,4.5<6.5kW,1352
2011.0,4.0,6.5<9.5kW,155
2011.0,4.0,9.5<14kW,507
2011.0,4.0,14<25kW,31
2011.0,4.0,25<=100kW,17
2011.0,5.0,<2.5kW,36479
2011.0,5.0,2.5<4.5kW,10810
2011.0,5.0,4.5<6.5kW,2189
2011.0,5.0,6.5<9.5kW,196
2011.0,5.0,9.5<14kW,533
2011.0,5.0,14<25kW,38
2011.0,5.0,25<=100kW,45
2011.0,6.0,<2.5kW,47054
2011.0,6.0,2.5<4.5kW,16742
2011.0,6.0,4.5<6.5kW,4034
2011.0,6.0,6.5<9.5kW,302
2011.0,6.0,9.5<14kW,538
2011.0,6.0,14<25kW,116
2011.0,6.0,25<=100kW,82
2011.0,7.0,<2.5kW,14576
2011.0,7.0,2.5<4.5kW,5994
2011.0,7.0,4.5<6.5kW,1354
2011.0,7.0,6.5<9.5kW,82
2011.0,7.0,9.5<14kW,156
2011.0,7.0,14<25kW,38
2011.0,7.0,25<=100kW,20
2011.0,8.0,<2.5kW,13131
2011.0,8.0,2.5<4.5kW,6999
2011.0,8.0,4.5<6.5kW,1732
2011.0,8.0,6.5<9.5kW,73
2011.0,8.0,9.5<14kW,141
2011.0,8.0,14<25kW,26
2011.0,8.0,25<=100kW,25
2011.0,9.0,<2.5kW,13421
2011.0,9.0,2.5<4.5kW,8508
2011.0,9.0,4.5<6.5kW,2621
2011.0,9.0,6.5<9.5kW,114
2011.0,9.0,9.5<14kW,144
2011.0,9.0,14<25kW,31
2011.0,9.0,25<=100kW,36
2011.0,10.0,<2.5kW,9715
2011.0,10.0,2.5<4.5kW,5150
2011.0,10.0,4.5<6.5kW,1493
2011.0,10.0,6.5<9.5kW,109
2011.0,10.0,9.5<14kW,147
2011.0,10.0,14<25kW,25
2011.0,10.0,25<=100kW,30
2011.0,11.0,<2.5kW,10370
2011.0,11.0,2.5<4.5kW,5474
2011.0,11.0,4.5<6.5kW,1828
2011.0,11.0,6.5<9.5kW,121
2011.0,11.0,9.5<14kW,235
2011.0,11.0,14<25kW,20
2011.0,11.0,25<=100kW,32
2011.0,12.0,<2.5kW,8290
2011.0,12.0,2.5<4.5kW,4383
2011.0,12.0,4.5<6.5kW,1642
2011.0,12.0,6.5<9.5kW,113
2011.0,12.0,9.5<14kW,103
2011.0,12.0,14<25kW,33
2011.0,12.0,25<=100kW,32
2012.0,1.0,<2.5kW,7622
2012.0,1.0,2.5<4.5kW,3788
2012.0,1.0,4.5<6.5kW,1403
2012.0,1.0,6.5<9.5kW,73
2012.0,1.0,9.5<14kW,97
2012.0,1.0,14<25kW,13
2012.0,1.0,25<=100kW,22
2012.0,2.0,<2.5kW,11800
2012.0,2.0,2.5<4.5kW,5422
2012.0,2.0,4.5<6.5kW,2058
2012.0,2.0,6.5<9.5kW,110
2012.0,2.0,9.5<14kW,122
2012.0,2.0,14<25kW,23
2012.0,2.0,25<=100kW,27
2012.0,3.0,<2.5kW,13987
2012.0,3.0,2.5<4.5kW,6527
2012.0,3.0,4.5<6.5kW,2779
2012.0,3.0,6.5<9.5kW,146
2012.0,3.0,9.5<14kW,144
2012.0,3.0,14<25kW,26
2012.0,3.0,25<=100kW,23
2012.0,4.0,<2.5kW,15332
2012.0,4.0,2.5<4.5kW,7515
2012.0,4.0,4.5<6.5kW,3380
2012.0,4.0,6.5<9.5kW,127
2012.0,4.0,9.5<14kW,136
2012.0,4.0,14<25kW,43
2012.0,4.0,25<=100kW,21
2012.0,5.0,<2.5kW,23135
2012.0,5.0,2.5<4.5kW,13479
2012.0,5.0,4.5<6.5kW,6246
2012.0,5.0,6.5<9.5kW,296
2012.0,5.0,9.5<14kW,215
2012.0,5.0,14<25kW,60
2012.0,5.0,25<=100kW,47
2012.0,6.0,<2.5kW,27471
2012.0,6.0,2.5<4.5kW,20015
2012.0,6.0,4.5<6.5kW,10606
2012.0,6.0,6.5<9.5kW,476
2012.0,6.0,9.5<14kW,492
2012.0,6.0,14<25kW,102
2012.0,6.0,25<=100kW,51
2012.0,7.0,<2.5kW,11366
2012.0,7.0,2.5<4.5kW,9247
2012.0,7.0,4.5<6.5kW,4754
2012.0,7.0,6.5<9.5kW,163
2012.0,7.0,9.5<14kW,147
2012.0,7.0,14<25kW,70
2012.0,7.0,25<=100kW,31
2012.0,8.0,<2.5kW,11366
2012.0,8.0,2.5<4.5kW,10119
2012.0,8.0,4.5<6.5kW,6021
2012.0,8.0,6.5<9.5kW,250
2012.0,8.0,9.5<14kW,160
2012.0,8.0,14<25kW,48
2012.0,8.0,25<=100kW,29
2012.0,9.0,<2.5kW,10089
2012.0,9.0,2.5<4.5kW,10560
2012.0,9.0,4.5<6.5kW,7103
2012.0,9.0,6.5<9.5kW,298
2012.0,9.0,9.5<14kW,227
2012.0,9.0,14<25kW,100
2012.0,9.0,25<=100kW,45
2012.0,10.0,<2.5kW,9142
2012.0,10.0,2.5<4.5kW,8002
2012.0,10.0,4.5<6.5kW,4988
2012.0,10.0,6.5<9.5kW,227
2012.0,10.0,9.5<14kW,148
2012.0,10.0,14<25kW,68
2012.0,10.0,25<=100kW,34
2012.0,11.0,<2.5kW,8890
2012.0,11.0,2.5<4.5kW,7983
2012.0,11.0,4.5<6.5kW,5107
2012.0,11.0,6.5<9.5kW,249
2012.0,11.0,9.5<14kW,170
2012.0,11.0,14<25kW,60
2012.0,11.0,25<=100kW,47
2012.0,12.0,<2.5kW,10448
2012.0,12.0,2.5<4.5kW,11360
2012.0,12.0,4.5<6.5kW,7740
2012.0,12.0,6.5<9.5kW,475
2012.0,12.0,9.5<14kW,373
2012.0,12.0,14<25kW,104
2012.0,12.0,25<=100kW,63
2013.0,1.0,<2.5kW,5518
2013.0,1.0,2.5<4.5kW,5491
2013.0,1.0,4.5<6.5kW,3514
2013.0,1.0,6.5<9.5kW,186
2013.0,1.0,9.5<14kW,187
2013.0,1.0,14<25kW,64
2013.0,1.0,25<=100kW,44
2013.0,2.0,<2.5kW,5152
2013.0,2.0,2.5<4.5kW,5748
2013.0,2.0,4.5<6.5kW,3982
2013.0,2.0,6.5<9.5kW,239
2013.0,2.0,9.5<14kW,218
2013.0,2.0,14<25kW,97
2013.0,2.0,25<=100kW,53
2013.0,3.0,<2.5kW,5011
2013.0,3.0,2.5<4.5kW,5868
2013.0,3.0,4.5<6.5kW,4600
2013.0,3.0,6.5<9.5kW,277
2013.0,3.0,9.5<14kW,215
2013.0,3.0,14<25kW,96
2013.0,3.0,25<=100kW,75
2013.0,4.0,<2.5kW,4991
2013.0,4.0,2.5<4.5kW,5869
2013.0,4.0,4.5<6.5kW,5225
2013.0,4.0,6.5<9.5kW,245
2013.0,4.0,9.5<14kW,275
2013.0,4.0,14<25kW,69
2013.0,4.0,25<=100kW,67
2013.0,5.0,<2.5kW,5335
2013.0,5.0,2.5<4.5kW,6774
2013.0,5.0,4.5<6.5kW,7223
2013.0,5.0,6.5<9.5kW,326
2013.0,5.0,9.5<14kW,273
2013.0,5.0,14<25kW,122
2013.0,5.0,25<=100kW,91
2013.0,6.0,<2.5kW,5026
2013.0,6.0,2.5<4.5kW,7468
2013.0,6.0,4.5<6.5kW,8780
2013.0,6.0,6.5<9.5kW,366
2013.0,6.0,9.5<14kW,339
2013.0,6.0,14<25kW,131
2013.0,6.0,25<=100kW,113
2013.0,7.0,<2.5kW,4867
2013.0,7.0,2.5<4.5kW,6100
2013.0,7.0,4.5<6.5kW,5003
2013.0,7.0,6.5<9.5kW,291
2013.0,7.0,9.5<14kW,303
2013.0,7.0,14<25kW,112
2013.0,7.0,25<=100kW,89
2013.0,8.0,<2.5kW,4014
2013.0,8.0,2.5<4.5kW,5488
2013.0,8.0,4.5<6.5kW,4573
2013.0,8.0,6.5<9.5kW,359
2013.0,8.0,9.5<14kW,335
2013.0,8.0,14<25kW,103
2013.0,8.0,25<=100kW,89
2013.0,9.0,<2.5kW,3551
2013.0,9.0,2.5<4.5kW,5488
2013.0,9.0,4.5<6.5kW,4854
2013.0,9.0,6.5<9.5kW,373
2013.0,9.0,9.5<14kW,407
2013.0,9.0,14<25kW,122
2013.0,9.0,25<=100kW,94
2013.0,10.0,<2.5kW,3919
2013.0,10.0,2.5<4.5kW,6552
2013.0,10.0,4.5<6.5kW,5709
2013.0,10.0,6.5<9.5kW,462
2013.0,10.0,9.5<14kW,423
2013.0,10.0,14<25kW,130
2013.0,10.0,25<=100kW,121
2013.0,11.0,<2.5kW,4070
2013.0,11.0,2.5<4.5kW,5930
2013.0,11.0,4.5<6.5kW,5821
2013.0,11.0,6.5<9.5kW,450
2013.0,11.0,9.5<14kW,455
2013.0,11.0,14<25kW,130
2013.0,11.0,25<=100kW,110
2013.0,12.0,<2.5kW,3028
2013.0,12.0,2.5<4.5kW,4839
2013.0,12.0,4.5<6.5kW,4807
2013.0,12.0,6.5<9.5kW,390
2013.0,12.0,9.5<14kW,384
2013.0,12.0,14<25kW,150
2013.0,12.0,25<=100kW,155
2014.0,1.0,<2.5kW,3130
2014.0,1.0,2.5<4.5kW,4813
2014.0,1.0,4.5<6.5kW,4706
2014.0,1.0,6.5<9.5kW,397
2014.0,1.0,9.5<14kW,423
2014.0,1.0,14<25kW,152
2014.0,1.0,25<=100kW,147
2014.0,2.0,<2.5kW,3419
2014.0,2.0,2.5<4.5kW,5193
2014.0,2.0,4.5<6.5kW,4822
2014.0,2.0,6.5<9.5kW,255
2014.0,2.0,9.5<14kW,240
2014.0,2.0,14<25kW,94
2014.0,2.0,25<=100kW,93
2014.0,3.0,<2.5kW,3027
2014.0,3.0,2.5<4.5kW,5500
2014.0,3.0,4.5<6.5kW,4988
2014.0,3.0,6.5<9.5kW,249
2014.0,3.0,9.5<14kW,245
2014.0,3.0,14<25kW,114
2014.0,3.0,25<=100kW,141
2014.0,4.0,<2.5kW,2766
2014.0,4.0,2.5<4.5kW,5156
2014.0,4.0,4.5<6.5kW,4943
2014.0,4.0,6.5<9.5kW,223
2014.0,4.0,9.5<14kW,226
2014.0,4.0,14<25kW,89
2014.0,4.0,25<=100kW,95
2014.0,5.0,<2.5kW,3186
2014.0,5.0,2.5<4.5kW,6155
2014.0,5.0,4.5<6.5kW,5937
2014.0,5.0,6.5<9.5kW,299
2014.0,5.0,9.5<14kW,312
2014.0,5.0,14<25kW,136
2014.0,5.0,25<=100kW,161
2014.0,6.0,<2.5kW,2901
2014.0,6.0,2.5<4.5kW,5306
2014.0,6.0,4.5<6.5kW,5395
2014.0,6.0,6.5<9.5kW,271
2014.0,6.0,9.5<14kW,243
2014.0,6.0,14<25kW,136
2014.0,6.0,25<=100kW,164
2014.0,7.0,<2.5kW,3303
2014.0,7.0,2.5<4.5kW,6192
2014.0,7.0,4.5<6.5kW,5836
2014.0,7.0,6.5<9.5kW,306
2014.0,7.0,9.5<14kW,280
2014.0,7.0,14<25kW,162
2014.0,7.0,25<=100kW,182
2014.0,8.0,<2.5kW,3059
2014.0,8.0,2.5<4.5kW,5589
2014.0,8.0,4.5<6.5kW,5178
2014.0,8.0,6.5<9.5kW,328
2014.0,8.0,9.5<14kW,291
2014.0,8.0,14<25kW,155
2014.0,8.0,25<=100kW,179
2014.0,9.0,<2.5kW,3555
2014.0,9.0,2.5<4.5kW,6140
2014.0,9.0,4.5<6.5kW,5872
2014.0,9.0,6.5<9.5kW,382
2014.0,9.0,9.5<14kW,305
2014.0,9.0,14<25kW,155
2014.0,9.0,25<=100kW,168
2014.0,10.0,<2.5kW,3312
2014.0,10.0,2.5<4.5kW,6489
2014.0,10.0,4.5<6.5kW,5935
2014.0,10.0,6.5<9.5kW,373
2014.0,10.0,9.5<14kW,336
2014.0,10.0,14<25kW,193
2014.0,10.0,25<=100kW,173
2014.0,11.0,<2.5kW,2542
2014.0,11.0,2.5<4.5kW,5472
2014.0,11.0,4.5<6.5kW,5158
2014.0,11.0,6.5<9.5kW,371
2014.0,11.0,9.5<14kW,289
2014.0,11.0,14<25kW,128
2014.0,11.0,25<=100kW,195
2014.0,12.0,<2.5kW,2187
2014.0,12.0,2.5<4.5kW,5355
2014.0,12.0,4.5<6.5kW,4946
2014.0,12.0,6.5<9.5kW,384
2014.0,12.0,9.5<14kW,292
2014.0,12.0,14<25kW,169
2014.0,12.0,25<=100kW,199
2015.0,1.0,<2.5kW,2072
2015.0,1.0,2.5<4.5kW,4474
2015.0,1.0,4.5<6.5kW,4175
2015.0,1.0,6.5<9.5kW,268
2015.0,1.0,9.5<14kW,212
2015.0,1.0,14<25kW,128
2015.0,1.0,25<=100kW,136
2015.0,2.0,<2.5kW,2239
2015.0,2.0,2.5<4.5kW,4767
2015.0,2.0,4.5<6.5kW,4892
2015.0,2.0,6.5<9.5kW,350
2015.0,2.0,9.5<14kW,290
2015.0,2.0,14<25kW,165
2015.0,2.0,25<=100kW,173
2015.0,3.0,<2.5kW,2295
2015.0,3.0,2.5<4.5kW,4853
2015.0,3.0,4.5<6.5kW,5019
2015.0,3.0,6.5<9.5kW,391
2015.0,3.0,9.5<14kW,275
2015.0,3.0,14<25kW,168
2015.0,3.0,25<=100kW,164
2015.0,4.0,<2.5kW,1909
2015.0,4.0,2.5<4.5kW,4066
2015.0,4.0,4.5<6.5kW,4241
2015.0,4.0,6.5<9.5kW,326
2015.0,4.0,9.5<14kW,252
2015.0,4.0,14<25kW,157
2015.0,4.0,25<=100kW,121
2015.0,5.0,<2.5kW,2013
2015.0,5.0,2.5<4.5kW,4072
2015.0,5.0,4.5<6.5kW,4545
2015.0,5.0,6.5<9.5kW,381
2015.0,5.0,9.5<14kW,288
2015.0,5.0,14<25kW,155
2015.0,5.0,25<=100kW,173
2015.0,6.0,<2.5kW,1853
2015.0,6.0,2.5<4.5kW,4046
2015.0,6.0,4.5<6.5kW,4817
2015.0,6.0,6.5<9.5kW,388
2015.0,6.0,9.5<14kW,295
2015.0,6.0,14<25kW,205
2015.0,6.0,25<=100kW,183
2015.0,7.0,<2.5kW,2011
2015.0,7.0,2.5<4.5kW,4306
2015.0,7.0,4.5<6.5kW,5649
2015.0,7.0,6.5<9.5kW,434
2015.0,7.0,9.5<14kW,341
2015.0,7.0,14<25kW,190
2015.0,7.0,25<=100kW,178
2015.0,8.0,<2.5kW,1574
2015.0,8.0,2.5<4.5kW,3954
2015.0,8.0,4.5<6.5kW,5116
2015.0,8.0,6.5<9.5kW,380
2015.0,8.0,9.5<14kW,272
2015.0,8.0,14<25kW,151
2015.0,8.0,25<=100kW,174
2015.0,9.0,<2.5kW,1641
2015.0,9.0,2.5<4.5kW,3948
2015.0,9.0,4.5<6.5kW,5162
2015.0,9.0,6.5<9.5kW,401
2015.0,9.0,9.5<14kW,283
2015.0,9.0,14<25kW,188
2015.0,9.0,25<=100kW,154
2015.0,10.0,<2.5kW,1586
2015.0,10.0,2.5<4.5kW,3809
2015.0,10.0,4.5<6.5kW,5072
2015.0,10.0,6.5<9.5kW,401
2015.0,10.0,9.5<14kW,276
2015.0,10.0,14<25kW,146
2015.0,10.0,25<=100kW,191
2015.0,11.0,<2.5kW,1502
2015.0,11.0,2.5<4.5kW,3866
2015.0,11.0,4.5<6.5kW,4798
2015.0,11.0,6.5<9.5kW,417
2015.0,11.0,9.5<14kW,303
2015.0,11.0,14<25kW,171
2015.0,11.0,25<=100kW,179
2015.0,12.0,<2.5kW,1272
2015.0,12.0,2.5<4.5kW,3443
2015.0,12.0,4.5<6.5kW,4508
2015.0,12.0,6.5<9.5kW,382
2015.0,12.0,9.5<14kW,332
2015.0,12.0,14<25kW,178
2015.0,12.0,25<=100kW,182
2016.0,1.0,<2.5kW,1114
2016.0,1.0,2.5<4.5kW,2663
2016.0,1.0,4.5<6.5kW,3705
2016.0,1.0,6.5<9.5kW,326
2016.0,1.0,9.5<14kW,206
2016.0,1.0,14<25kW,102
2016.0,1.0,25<=100kW,97
2016.0,2.0,<2.5kW,1512
2016.0,2.0,2.5<4.5kW,3554
2016.0,2.0,4.5<6.5kW,4897
2016.0,2.0,6.5<9.5kW,423
2016.0,2.0,9.5<14kW,268
2016.0,2.0,14<25kW,148
2016.0,2.0,25<=100kW,163
2016.0,3.0,<2.5kW,1439
2016.0,3.0,2.5<4.5kW,3512
2016.0,3.0,4.5<6.5kW,4723
2016.0,3.0,6.5<9.5kW,418
2016.0,3.0,9.5<14kW,261
2016.0,3.0,14<25kW,137
2016.0,3.0,25<=100kW,156
2016.0,4.0,<2.5kW,1397
2016.0,4.0,2.5<4.5kW,3353
2016.0,4.0,4.5<6.5kW,4438
2016.0,4.0,6.5<9.5kW,484
2016.0,4.0,9.5<14kW,292
2016.0,4.0,14<25kW,154
2016.0,4.0,25<=100kW,171
2016.0,5.0,<2.5kW,1357
2016.0,5.0,2.5<4.5kW,3429
2016.0,5.0,4.5<6.5kW,4710
2016.0,5.0,6.5<9.5kW,542
2016.0,5.0,9.5<14kW,292
2016.0,5.0,14<25kW,175
2016.0,5.0,25<=100kW,186
2016.0,6.0,<2.5kW,1240
2016.0,6.0,2.5<4.5kW,3191
2016.0,6.0,4.5<6.5kW,4398
2016.0,6.0,6.5<9.5kW,498
2016.0,6.0,9.5<14kW,333
2016.0,6.0,14<25kW,204
2016.0,6.0,25<=100kW,201
2016.0,7.0,<2.5kW,1296
2016.0,7.0,2.5<4.5kW,3232
2016.0,7.0,4.5<6.5kW,4373
2016.0,7.0,6.5<9.5kW,517
2016.0,7.0,9.5<14kW,346
2016.0,7.0,14<25kW,181
2016.0,7.0,25<=100kW,188
2016.0,8.0,<2.5kW,1472
2016.0,8.0,2.5<4.5kW,3588
2016.0,8.0,4.5<6.5kW,5057
2016.0,8.0,6.5<9.5kW,560
2016.0,8.0,9.5<14kW,361
2016.0,8.0,14<25kW,222
2016.0,8.0,25<=100kW,203
2016.0,9.0,<2.5kW,1229
2016.0,9.0,2.5<4.5kW,3452
2016.0,9.0,4.5<6.5kW,5207
2016.0,9.0,6.5<9.5kW,569
2016.0,9.0,9.5<14kW,397
2016.0,9.0,14<25kW,216
2016.0,9.0,25<=100kW,242
2016.0,10.0,<2.5kW,1300
2016.0,10.0,2.5<4.5kW,3170
2016.0,10.0,4.5<6.5kW,5181
2016.0,10.0,6.5<9.5kW,603
2016.0,10.0,9.5<14kW,387
2016.0,10.0,14<25kW,184
2016.0,10.0,25<=100kW,234
2016.0,11.0,<2.5kW,1371
2016.0,11.0,2.5<4.5kW,4098
2016.0,11.0,4.5<6.5kW,6330
2016.0,11.0,6.5<9.5kW,771
2016.0,11.0,9.5<14kW,417
2016.0,11.0,14<25kW,228
2016.0,11.0,25<=100kW,220
2016.0,12.0,<2.5kW,1281
2016.0,12.0,2.5<4.5kW,3937
2016.0,12.0,4.5<6.5kW,6993
2016.0,12.0,6.5<9.5kW,881
2016.0,12.0,9.5<14kW,575
2016.0,12.0,14<25kW,309
2016.0,12.0,25<=100kW,461
2017.0,1.0,<2.5kW,1066
2017.0,1.0,2.5<4.5kW,3056
2017.0,1.0,4.5<6.5kW,4936
2017.0,1.0,6.5<9.5kW,578
2017.0,1.0,9.5<14kW,262
2017.0,1.0,14<25kW,121
2017.0,1.0,25<=100kW,110
2017.0,2.0,<2.5kW,1529
2017.0,2.0,2.5<4.5kW,3739
2017.0,2.0,4.5<6.5kW,6272
2017.0,2.0,6.5<9.5kW,677
2017.0,2.0,9.5<14kW,408
2017.0,2.0,14<25kW,184
2017.0,2.0,25<=100kW,185
2017.0,3.0,<2.5kW,1650
2017.0,3.0,2.5<4.5kW,3961
2017.0,3.0,4.5<6.5kW,6893
2017.0,3.0,6.5<9.5kW,768
2017.0,3.0,9.5<14kW,489
2017.0,3.0,14<25kW,219
2017.0,3.0,25<=100kW,261
2017.0,4.0,<2.5kW,1178
2017.0,4.0,2.5<4.5kW,3121
2017.0,4.0,4.5<6.5kW,5836
2017.0,4.0,6.5<9.5kW,720
2017.0,4.0,9.5<14kW,383
2017.0,4.0,14<25kW,178
2017.0,4.0,25<=100kW,241
2017.0,5.0,<2.5kW,1429
2017.0,5.0,2.5<4.5kW,3878
2017.0,5.0,4.5<6.5kW,7185
2017.0,5.0,6.5<9.5kW,983
2017.0,5.0,9.5<14kW,576
2017.0,5.0,14<25kW,315
2017.0,5.0,25<=100kW,319
2017.0,6.0,<2.5kW,1309
2017.0,6.0,2.5<4.5kW,3537
2017.0,6.0,4.5<6.5kW,7018
2017.0,6.0,6.5<9.5kW,909
2017.0,6.0,9.5<14kW,588
2017.0,6.0,14<25kW,324
2017.0,6.0,25<=100kW,376
2017.0,7.0,<2.5kW,1290
2017.0,7.0,2.5<4.5kW,3559
2017.0,7.0,4.5<6.5kW,7636
2017.0,7.0,6.5<9.5kW,913
2017.0,7.0,9.5<14kW,596
2017.0,7.0,14<25kW,295
2017.0,7.0,25<=100kW,325
2017.0,8.0,<2.5kW,1410
2017.0,8.0,2.5<4.5kW,3683
2017.0,8.0,4.5<6.5kW,8212
2017.0,8.0,6.5<9.5kW,1235
2017.0,8.0,9.5<14kW,700
2017.0,8.0,14<25kW,286
2017.0,8.0,25<=100kW,326
2017.0,9.0,<2.5kW,1157
2017.0,9.0,2.5<4.5kW,3315
2017.0,9.0,4.5<6.5kW,7612
2017.0,9.0,6.5<9.5kW,1268
2017.0,9.0,9.5<14kW,712
2017.0,9.0,14<25kW,290
2017.0,9.0,25<=100kW,326
2017.0,10.0,<2.5kW,1077
2017.0,10.0,2.5<4.5kW,3438
2017.0,10.0,4.5<6.5kW,8380
2017.0,10.0,6.5<9.5kW,1521
2017.0,10.0,9.5<14kW,785
2017.0,10.0,14<25kW,305
2017.0,10.0,25<=100kW,374
2017.0,11.0,<2.5kW,1167
2017.0,11.0,2.5<4.5kW,3709
2017.0,11.0,4.5<6.5kW,9652
2017.0,11.0,6.5<9.5kW,1953
2017.0,11.0,9.5<14kW,1019
2017.0,11.0,14<25kW,416
2017.0,11.0,25<=100kW,442
2017.0,12.0,<2.5kW,1009
2017.0,12.0,2.5<4.5kW,3408
2017.0,12.0,4.5<6.5kW,8987
2017.0,12.0,6.5<9.5kW,2137
2017.0,12.0,9.5<14kW,1082
2017.0,12.0,14<25kW,481
2017.0,12.0,25<=100kW,703
2018.0,1.0,<2.5kW,866
2018.0,1.0,2.5<4.5kW,3056
2018.0,1.0,4.5<6.5kW,7465
2018.0,1.0,6.5<9.5kW,1786
2018.0,1.0,9.5<14kW,702
2018.0,1.0,14<25kW,234
2018.0,1.0,25<=100kW,213
2018.0,2.0,<2.5kW,951
2018.0,2.0,2.5<4.5kW,3483
2018.0,2.0,4.5<6.5kW,8609
2018.0,2.0,6.5<9.5kW,2021
2018.0,2.0,9.5<14kW,921
2018.0,2.0,14<25kW,328
2018.0,2.0,25<=100kW,315
2018.0,3.0,<2.5kW,1050
2018.0,3.0,2.5<4.5kW,3521
2018.0,3.0,4.5<6.5kW,8842
2018.0,3.0,6.5<9.5kW,2493
2018.0,3.0,9.5<14kW,1039
2018.0,3.0,14<25kW,381
2018.0,3.0,25<=100kW,390
2018.0,4.0,<2.5kW,936
2018.0,4.0,2.5<4.5kW,3137
2018.0,4.0,4.5<6.5kW,7805
2018.0,4.0,6.5<9.5kW,2345
2018.0,4.0,9.5<14kW,900
2018.0,4.0,14<25kW,377
2018.0,4.0,25<=100kW,379
2018.0,5.0,<2.5kW,1101
2018.0,5.0,2.5<4.5kW,3494
2018.0,5.0,4.5<6.5kW,8341
2018.0,5.0,6.5<9.5kW,3150
2018.0,5.0,9.5<14kW,1190
2018.0,5.0,14<25kW,451
2018.0,5.0,25<=100kW,494
2018.0,6.0,<2.5kW,840
2018.0,6.0,2.5<4.5kW,2783
2018.0,6.0,4.5<6.5kW,7126
2018.0,6.0,6.5<9.5kW,3583
2018.0,6.0,9.5<14kW,1105
2018.0,6.0,14<25kW,481
2018.0,6.0,25<=100kW,506
2018.0,7.0,<2.5kW,863
2018.0,7.0,2.5<4.5kW,2883
2018.0,7.0,4.5<6.5kW,7589
2018.0,7.0,6.5<9.5kW,4519
2018.0,7.0,9.5<14kW,1224
2018.0,7.0,14<25kW,437
2018.0,7.0,25<=100kW,414
2018.0,8.0,<2.5kW,901
2018.0,8.0,2.5<4.5kW,3064
2018.0,8.0,4.5<6.5kW,7709
2018.0,8.0,6.5<9.5kW,5472
2018.0,8.0,9.5<14kW,1278
2018.0,8.0,14<25kW,502
2018.0,8.0,25<=100kW,451
2018.0,9.0,<2.5kW,763
2018.0,9.0,2.5<4.5kW,2893
2018.0,9.0,4.5<6.5kW,7284
2018.0,9.0,6.5<9.5kW,6150
2018.0,9.0,9.5<14kW,1173
2018.0,9.0,14<25kW,392
2018.0,9.0,25<=100kW,394
2018.0,10.0,<2.5kW,849
2018.0,10.0,2.5<4.5kW,3262
2018.0,10.0,4.5<6.5kW,8204
2018.0,10.0,6.5<9.5kW,7502
2018.0,10.0,9.5<14kW,1405
2018.0,10.0,14<25kW,426
2018.0,10.0,25<=100kW,471
2018.0,11.0,<2.5kW,939
2018.0,11.0,2.5<4.5kW,3310
2018.0,11.0,4.5<6.5kW,8975
2018.0,11.0,6.5<9.5kW,9059
2018.0,11.0,9.5<14kW,1574
2018.0,11.0,14<25kW,497
2018.0,11.0,25<=100kW,547
2018.0,12.0,<2.5kW,672
2018.0,12.0,2.5<4.5kW,2776
2018.0,12.0,4.5<6.5kW,7229
2018.0,12.0,6.5<9.5kW,8413
2018.0,12.0,9.5<14kW,1751
2018.0,12.0,14<25kW,654
2018.0,12.0,25<=100kW,813
2019.0,1.0,<2.5kW,549
2019.0,1.0,2.5<4.5kW,2662
2019.0,1.0,4.5<6.5kW,6076
2019.0,1.0,6.5<9.5kW,7797
2019.0,1.0,9.5<14kW,999
2019.0,1.0,14<25kW,269
2019.0,1.0,25<=100kW,233
2019.0,2.0,<2.5kW,765
2019.0,2.0,2.5<4.5kW,3012
2019.0,2.0,4.5<6.5kW,7612
2019.0,2.0,6.5<9.5kW,9273
2019.0,2.0,9.5<14kW,1506
2019.0,2.0,14<25kW,386
2019.0,2.0,25<=100kW,372
2019.0,3.0,<2.5kW,685
2019.0,3.0,2.5<4.5kW,3149
2019.0,3.0,4.5<6.5kW,7272
2019.0,3.0,6.5<9.5kW,9799
2019.0,3.0,9.5<14kW,1567
2019.0,3.0,14<25kW,476
2019.0,3.0,25<=100kW,407
2019.0,4.0,<2.5kW,603
2019.0,4.0,2.5<4.5kW,2754
2019.0,4.0,4.5<6.5kW,6430
2019.0,4.0,6.5<9.5kW,8765
2019.0,4.0,9.5<14kW,1505
2019.0,4.0,14<25kW,384
2019.0,4.0,25<=100kW,380
2019.0,5.0,<2.5kW,778
2019.0,5.0,2.5<4.5kW,2815
2019.0,5.0,4.5<6.5kW,6483
2019.0,5.0,6.5<9.5kW,9963
2019.0,5.0,9.5<14kW,1910
2019.0,5.0,14<25kW,533
2019.0,5.0,25<=100kW,543
2019.0,6.0,<2.5kW,761
2019.0,6.0,2.5<4.5kW,2217
2019.0,6.0,4.5<6.5kW,5042
2019.0,6.0,6.5<9.5kW,8282
2019.0,6.0,9.5<14kW,1647
2019.0,6.0,14<25kW,580
2019.0,6.0,25<=100kW,587
2019.0,7.0,<2.5kW,721
2019.0,7.0,2.5<4.5kW,2398
2019.0,7.0,4.5<6.5kW,6130
2019.0,7.0,6.5<9.5kW,10475
2019.0,7.0,9.5<14kW,1871
2019.0,7.0,14<25kW,541
2019.0,7.0,25<=100kW,541
2019.0,8.0,<2.5kW,739
2019.0,8.0,2.5<4.5kW,2605
2019.0,8.0,4.5<6.5kW,6096
2019.0,8.0,6.5<9.5kW,10999
2019.0,8.0,9.5<14kW,1802
2019.0,8.0,14<25kW,504
2019.0,8.0,25<=100kW,555
2019.0,9.0,<2.5kW,678
2019.0,9.0,2.5<4.5kW,2576
2019.0,9.0,4.5<6.5kW,6345
2019.0,9.0,6.5<9.5kW,12039
2019.0,9.0,9.5<14kW,2052
2019.0,9.0,14<25kW,536
2019.0,9.0,25<=100kW,543
2019.0,10.0,<2.5kW,675
2019.0,10.0,2.5<4.5kW,2819
2019.0,10.0,4.5<6.5kW,6635
2019.0,10.0,6.5<9.5kW,14089
2019.0,10.0,9.5<14kW,2381
2019.0,10.0,14<25kW,567
2019.0,10.0,25<=100kW,598
2019.0,11.0,<2.5kW,632
2019.0,11.0,2.5<4.5kW,3181
2019.0,11.0,4.5<6.5kW,6543
2019.0,11.0,6.5<9.5kW,15710
2019.0,11.0,9.5<14kW,2701
2019.0,11.0,14<25kW,619
2019.0,11.0,25<=100kW,672
2019.0,12.0,<2.5kW,505
2019.0,12.0,2.5<4.5kW,2467
2019.0,12.0,4.5<6.5kW,5818
2019.0,12.0,6.5<9.5kW,15831
2019.0,12.0,9.5<14kW,2989
2019.0,12.0,14<25kW,824
2019.0,12.0,25<=100kW,983
2020.0,1.0,<2.5kW,462
2020.0,1.0,2.5<4.5kW,2193
2020.0,1.0,4.5<6.5kW,4834
2020.0,1.0,6.5<9.5kW,13477
2020.0,1.0,9.5<14kW,1900
2020.0,1.0,14<25kW,349
2020.0,1.0,25<=100kW,280
2020.0,2.0,<2.5kW,456
2020.0,2.0,2.5<4.5kW,2847
2020.0,2.0,4.5<6.5kW,5592
2020.0,2.0,6.5<9.5kW,15868
2020.0,2.0,9.5<14kW,2494
2020.0,2.0,14<25kW,494
2020.0,2.0,25<=100kW,445
2020.0,3.0,<2.5kW,641
2020.0,3.0,2.5<4.5kW,3031
2020.0,3.0,4.5<6.5kW,6137
2020.0,3.0,6.5<9.5kW,17298
2020.0,3.0,9.5<14kW,3078
2020.0,3.0,14<25kW,595
2020.0,3.0,25<=100kW,549
2020.0,4.0,<2.5kW,641
2020.0,4.0,2.5<4.5kW,2549
2020.0,4.0,4.5<6.5kW,4802
2020.0,4.0,6.5<9.5kW,14637
2020.0,4.0,9.5<14kW,2899
2020.0,4.0,14<25kW,535
2020.0,4.0,25<=100kW,522
2020.0,5.0,<2.5kW,646
2020.0,5.0,2.5<4.5kW,2884
2020.0,5.0,4.5<6.5kW,4805
2020.0,5.0,6.5<9.5kW,15322
2020.0,5.0,9.5<14kW,3129
2020.0,5.0,14<25kW,606
2020.0,5.0,25<=100kW,557
2020.0,6.0,<2.5kW,651
2020.0,6.0,2.5<4.5kW,2791
2020.0,6.0,4.5<6.5kW,4758
2020.0,6.0,6.5<9.5kW,17014
2020.0,6.0,9.5<14kW,3500
2020.0,6.0,14<25kW,716
2020.0,6.0,25<=100kW,775
2020.0,7.0,<2.5kW,639
2020.0,7.0,2.5<4.5kW,2616
2020.0,7.0,4.5<6.5kW,5331
2020.0,7.0,6.5<9.5kW,19739
2020.0,7.0,9.5<14kW,4109
2020.0,7.0,14<25kW,696
2020.0,7.0,25<=100kW,618
2020.0,8.0,<2.5kW,541
2020.0,8.0,2.5<4.5kW,2097
2020.0,8.0,4.5<6.5kW,3983
2020.0,8.0,6.5<9.5kW,16877
2020.0,8.0,9.5<14kW,3804
2020.0,8.0,14<25kW,664
2020.0,8.0,25<=100kW,509
2020.0,9.0,<2.5kW,583
2020.0,9.0,2.5<4.5kW,2177
2020.0,9.0,4.5<6.5kW,4075
2020.0,9.0,6.5<9.5kW,18637
2020.0,9.0,9.5<14kW,4534
2020.0,9.0,14<25kW,862
2020.0,9.0,25<=100kW,568
2020.0,10.0,<2.5kW,578
2020.0,10.0,2.5<4.5kW,2287
2020.0,10.0,4.5<6.5kW,4158
2020.0,10.0,6.5<9.5kW,19977
2020.0,10.0,9.5<14kW,4655
2020.0,10.0,14<25kW,747
2020.0,10.0,25<=100kW,614
2020.0,11.0,<2.5kW,592
2020.0,11.0,2.5<4.5kW,2409
2020.0,11.0,4.5<6.5kW,5020
2020.0,11.0,6.5<9.5kW,23257
2020.0,11.0,9.5<14kW,5857
2020.0,11.0,14<25kW,876
2020.0,11.0,25<=100kW,744
2020.0,12.0,<2.5kW,527
2020.0,12.0,2.5<4.5kW,2193
2020.0,12.0,4.5<6.5kW,4251
2020.0,12.0,6.5<9.5kW,21364
2020.0,12.0,9.5<14kW,6348
2020.0,12.0,14<25kW,1246
2020.0,12.0,25<=100kW,1129
2021.0,1.0,<2.5kW,351
2021.0,1.0,2.5<4.5kW,1810
2021.0,1.0,4.5<6.5kW,3312
2021.0,1.0,6.5<9.5kW,16798
2021.0,1.0,9.5<14kW,4191
2021.0,1.0,14<25kW,447
2021.0,1.0,25<=100kW,263
2021.0,2.0,<2.5kW,530
2021.0,2.0,2.5<4.5kW,2334
2021.0,2.0,4.5<6.5kW,4312
2021.0,2.0,6.5<9.5kW,20227
2021.0,2.0,9.5<14kW,5724
2021.0,2.0,14<25kW,727
2021.0,2.0,25<=100kW,473
2021.0,3.0,<2.5kW,591
2021.0,3.0,2.5<4.5kW,2617
2021.0,3.0,4.5<6.5kW,4560
2021.0,3.0,6.5<9.5kW,21510
2021.0,3.0,9.5<14kW,6485
2021.0,3.0,14<25kW,844
2021.0,3.0,25<=100kW,588
2021.0,4.0,<2.5kW,503
2021.0,4.0,2.5<4.5kW,2341
2021.0,4.0,4.5<6.5kW,4037
2021.0,4.0,6.5<9.5kW,18483
2021.0,4.0,9.5<14kW,5857
2021.0,4.0,14<25kW,777
2021.0,4.0,25<=100kW,541
2021.0,5.0,<2.5kW,556
2021.0,5.0,2.5<4.5kW,2331
2021.0,5.0,4.5<6.5kW,3528
2021.0,5.0,6.5<9.5kW,16897
2021.0,5.0,9.5<14kW,5559
2021.0,5.0,14<25kW,898
2021.0,5.0,25<=100kW,675
2021.0,6.0,<2.5kW,483
2021.0,6.0,2.5<4.5kW,2320
2021.0,6.0,4.5<6.5kW,3718
2021.0,6.0,6.5<9.5kW,16839
2021.0,6.0,9.5<14kW,5685
2021.0,6.0,14<25kW,956
2021.0,6.0,25<=100kW,792
2021.0,7.0,<2.5kW,478
2021.0,7.0,2.5<4.5kW,1975
2021.0,7.0,4.5<6.5kW,3525
2021.0,7.0,6.5<9.5kW,16318
2021.0,7.0,9.5<14kW,5512
2021.0,7.0,14<25kW,844
2021.0,7.0,25<=100kW,614
2021.0,8.0,<2.5kW,563
2021.0,8.0,2.5<4.5kW,1898
2021.0,8.0,4.5<6.5kW,3291
2021.0,8.0,6.5<9.5kW,16047
2021.0,8.0,9.5<14kW,5606
2021.0,8.0,14<25kW,830
2021.0,8.0,25<=100kW,565
2021.0,9.0,<2.5kW,472
2021.0,9.0,2.5<4.5kW,1862
2021.0,9.0,4.5<6.5kW,3264
2021.0,9.0,6.5<9.5kW,16006
2021.0,9.0,9.5<14kW,6674
2021.0,9.0,14<25kW,890
2021.0,9.0,25<=100kW,569
2021.0,10.0,<2.5kW,448
2021.0,10.0,2.5<4.5kW,1661
2021.0,10.0,4.5<6.5kW,3107
2021.0,10.0,6.5<9.5kW,15458
2021.0,10.0,9.5<14kW,6359
2021.0,10.0,14<25kW,892
2021.0,10.0,25<=100kW,621
2021.0,11.0,<2.5kW,475
2021.0,11.0,2.5<4.5kW,1704
2021.0,11.0,4.5<6.5kW,3667
2021.0,11.0,6.5<9.5kW,16840
2021.0,11.0,9.5<14kW,6837
2021.0,11.0,14<25kW,969
2021.0,11.0,25<=100kW,761
2021.0,12.0,<2.5kW,394
2021.0,12.0,2.5<4.5kW,1538
2021.0,12.0,4.5<6.5kW,3419
2021.0,12.0,6.5<9.5kW,16067
2021.0,12.0,9.5<14kW,7749
2021.0,12.0,14<25kW,1347
2021.0,12.0,25<=100kW,1119
2022.0,1.0,<2.5kW,174
2022.0,1.0,2.5<4.5kW,920
2022.0,1.0,4.5<6.5kW,2144
2022.0,1.0,6.5<9.5kW,9580
2022.0,1.0,9.5<14kW,3539
2022.0,1.0,14<25kW,363
2022.0,1.0,25<=100kW,149
2022.0,2.0,<2.5kW,338
2022.0,2.0,2.5<4.5kW,1324
2022.0,2.0,4.5<6.5kW,2990
2022.0,2.0,6.5<9.5kW,12733
2022.0,2.0,9.5<14kW,5253
2022.0,2.0,14<25kW,646
2022.0,2.0,25<=100kW,286
2022.0,3.0,<2.5kW,364
2022.0,3.0,2.5<4.5kW,1488
2022.0,3.0,4.5<6.5kW,2936
2022.0,3.0,6.5<9.5kW,13322
2022.0,3.0,9.5<14kW,5500
2022.0,3.0,14<25kW,687
2022.0,3.0,25<=100kW,374
2022.0,4.0,<2.5kW,414
2022.0,4.0,2.5<4.5kW,1010
2022.0,4.0,4.5<6.5kW,2181
2022.0,4.0,6.5<9.5kW,9956
2022.0,4.0,9.5<14kW,4462
2022.0,4.0,14<25kW,577
2022.0,4.0,25<=100kW,328
2022.0,5.0,<2.5kW,270
2022.0,5.0,2.5<4.5kW,1110
2022.0,5.0,4.5<6.5kW,2244
2022.0,5.0,6.5<9.5kW,10276
2022.0,5.0,9.5<14kW,4571
2022.0,5.0,14<25kW,577
2022.0,5.0,25<=100kW,292
2022.0,6.0,<2.5kW,200
2022.0,6.0,2.5<4.5kW,713
2022.0,6.0,4.5<6.5kW,1500
2022.0,6.0,6.5<9.5kW,7519
2022.0,6.0,9.5<14kW,3459
2022.0,6.0,14<25kW,410
2022.0,6.0,25<=100kW,151
